slug,title,originalTitle,synopsis,durationMin,releaseDate,ageRating,status,posterUrl,backdropUrl,trailerUrl,language,country,ratingAvg,ratingCount,sourceScore,sourceScoreScale
avengers-endgame,Avengers: Hồi Kết,,"Cú búng tay của Thanos đã khiến toàn bộ dân số biến mất một nửa. Các siêu anh hùng đánh mất bạn bè, người thân và đánh mất cả chính mình. Bộ sáu Avengers đầu tiên tứ tán. Iron Man kẹt lại ngoài không gian, Hawkeye mất tích. Thor, Captain America, Hulk và Black Widow đều chìm trong nỗi đau vô tận vì mất đi những người thân yêu. Cả nhóm phải tìm cách cứu vãn tình thế.
Siêu phẩm Avengers: Endgame trở lại với phiên bản đặc biệt thêm 4 phút nội dung mới. Bản đặc biệt này còn có định dạng mới Infinity Vision.
Định dạng Infinity Vision trình chiếu tại phòng Dolby Vision+Atmos (Galaxy CineX AEON Mall Thanh Khê) và phòng chiếu 1 & 4 (Galaxy Cinema Trung Chánh).
Avengers: Endgame Encore suất chiếu sớm 24.09 (không áp dung Movie voucher), khởi chiếu 25.09.2026 tại các rạp chiếu phim toàn quốc.",183,2026-09-24,P,NOW_SHOWING,https://cdn.galaxycine.vn/media/2026/8/27/endgame-encore-500_1787803134128.jpg,https://cdn.galaxycine.vn/media/2019/4/1/avengerendgame_1554109943948.jpg,https://www.youtube.com/user/galaxymovies,,Mỹ,4.5,3576,9,10
resident-evil,Vùng Đất Quỷ Dữ,,"Một phiên bản Resident Evil mới trở lại đầy kịch tính và kinh hoàng từ bộ óc quái kiệt của đạo diễn Zach Cregger đứng sau “Weapons” & “Barbarian”. Với cốt truyện hoàn toàn mới, phim xoay quanh Bryan (Austin Abrams), một nhân viên vận chuyển vật tư y tế vô tình bị cuốn vào cuộc chạy đua sinh tồn nghẹt thở và dồn dập trong một đêm định mệnh. Liên tiếp chuyện kinh hoàng bất ngờ đẩy anh vào giữa vòng xoáy hỗn loạn.
Phim mới Resident Evil/ Vùng Đất Quỷ Dữ suất chiếu sớm 16-17.09 (không áp dụng Movie voucher), khởi chiếu 18.09.2026 tại các rạp chiếu phim toàn quốc.",94,2026-09-24,P,NOW_SHOWING,https://cdn.galaxycine.vn/media/2026/9/18/resident-evil-2_1789726548627.jpg,https://cdn.galaxycine.vn/media/2026/9/3/resident-evil-627_1788407589602.jpg,https://www.youtube.com/user/galaxymovies,,Mỹ,4.3,105,8.6,10
digger,Digger,,"Digger. Trò cười rung chuyển cả thế giới. Dự kiến khởi chiếu tháng 10.2026.
Phim mới Digger dự kiến khởi chiếu 16.10.2026 tại các rạp chiếu phim toàn quốc.
PHIM ĐANG CHIẾU
Mua vé
9.2
Always Lalisa
Mua vé
9
T18
Án Mạng Xém Hoàn Hảo
Mua vé
8.7
T13
Quyết Cua Anh Này
Xem thêm
GIỚI THIỆU
Về Chúng Tôi
Thoả Thuận Sử Dụng
Quy Chế Hoạt Động
Chính Sách Bảo Mật
GÓC ĐIỆN ẢNH
Thể Loại Phim
Bình Luận Phim
Blog Điện Ảnh
Phim Hay Tháng
Phim IMAX
HỖ TRỢ
Góp Ý
Sale & Services
Rạp / Giá Vé
Tuyển Dụng
FAQ
CÔNG TY CỔ PHẦN PHIM THIÊN NGÂN
MST: 0101595681
3/9 Võ Văn Tần, Phường Xuân Hòa, Thành phố Hồ Chí Minh, Việt Nam
: 028.39.333.303 - : 19002224 (9:00 - 22:00) - : hotro@galaxystudio.vn
C
h
ờ
x
í
u
n
h
e
.
.
.",,2026-09-24,P,NOW_SHOWING,https://cdn.galaxycine.vn/media/2026/1/22/digger-500_1769065542641.jpg,,https://www.youtube.com/user/galaxymovies,,Mỹ,4.15,43,8.3,10
hope,Hope Vùng Tử Địa,,"Tại Hope Harbor, một ngôi làng hẻo lánh nằm gần khu vực phi quân sự, cảnh sát trưởng Bum-seok đã nhận được tin báo khẩn cấp từ người dân địa phương về sự xuất hiện của một con hổ. Khi cả ngôi làng chìm trong hoảng loạn, Bum-seok ngỡ ngàng khi phát hiện một sự thật nằm ngoài sức tưởng tượng của con người.
Phim mới Hope/ Hope Vùng Tử Địa suất chiếu sớm 1-2-3.09 (không áp dụng Movie Voucher), dự kiến khởi chiếu 04.09.2026 tại các rạp chiếu phim toàn quốc.
PHIM ĐANG CHIẾU
Mua vé
9.2
Always Lalisa
Mua vé
9
T18
Án Mạng Xém Hoàn Hảo
Mua vé
8.7
T13
Quyết Cua Anh Này
Xem thêm
GIỚI THIỆU
Về Chúng Tôi
Thoả Thuận Sử Dụng
Quy Chế Hoạt Động
Chính Sách Bảo Mật
GÓC ĐIỆN ẢNH
Thể Loại Phim
Bình Luận Phim
Blog Điện Ảnh
Phim Hay Tháng
Phim IMAX
HỖ TRỢ
Góp Ý
Sale & Services
Rạp / Giá Vé
Tuyển Dụng
FAQ
CÔNG TY CỔ PHẦN PHIM THIÊN NGÂN
MST: 0101595681
3/9 Võ Văn Tần, Phường Xuân Hòa, Thành phố Hồ Chí Minh, Việt Nam
: 028.39.333.303 - : 19002224 (9:00 - 22:00) - : hotro@galaxystudio.vn
C
h
ờ
x
í
u
n
h
e
.
.
.",157,2026-09-24,P,NOW_SHOWING,https://cdn.galaxycine.vn/media/2026/8/14/hope-500_1786678741370.jpg,https://cdn.galaxycine.vn/media/2026/8/14/hope-627_1786679056268.jpg,https://www.youtube.com/user/galaxymovies,,Hàn Quốc,4.6,507,9.2,10
oppenheimer,Oppenheimer,,"Với nhân vật trung tâm là J. Robert Oppenheimer, nhà vật lý lý thuyết người đứng đầu phòng thí nghiệm Los Alamos, thời kỳ Thế chiến II. Ông đóng vai trò quan trọng trong Dự án Manhattan, tiên phong trong nhiệm vụ phát triển vũ khí hạt nhân, và được coi là một trong những “cha đẻ của bom nguyên tử”.
Phim mới Oppenheimer khởi chiếu 11.08.2023 tại rạp chiếu phim toàn quốc.
PHIM ĐANG CHIẾU
Mua vé
9.2
Always Lalisa
Mua vé
9
T18
Án Mạng Xém Hoàn Hảo
Mua vé
8.7
T13
Quyết Cua Anh Này
Xem thêm
GIỚI THIỆU
Về Chúng Tôi
Thoả Thuận Sử Dụng
Quy Chế Hoạt Động
Chính Sách Bảo Mật
GÓC ĐIỆN ẢNH
Thể Loại Phim
Bình Luận Phim
Blog Điện Ảnh
Phim Hay Tháng
Phim IMAX
HỖ TRỢ
Góp Ý
Sale & Services
Rạp / Giá Vé
Tuyển Dụng
FAQ
CÔNG TY CỔ PHẦN PHIM THIÊN NGÂN
MST: 0101595681
3/9 Võ Văn Tần, Phường Xuân Hòa, Thành phố Hồ Chí Minh, Việt Nam
: 028.39.333.303 - : 19002224 (9:00 - 22:00) - : hotro@galaxystudio.vn
C
h
ờ
x
í
u
n
h
e
.
.
.",180,2026-09-24,P,NOW_SHOWING,https://cdn.galaxycine.vn/media/2024/1/25/oppenheimer-2_1706153086504.jpg,https://cdn.galaxycine.vn/media/2024/1/25/oppenheimer_1706180064564.jpg,https://www.youtube.com/user/galaxymovies,,Mỹ,4.3,325,8.6,10
bts-world-tour-arirang-in-buenos-aires-live-viewing,BTS World Tour 'Arirang' In Buenos Aires: Live Viewing,,"LẦN ĐẦU TIÊN, BTS LIVE VIEWING ĐƯỢC PHÁT SÓNG TRỰC TIẾP TỪ NAM MỸ!
CHỦ NHẬT - NGÀY 25.10.2026
SUẤT 13:45 - TIẾP SÓNG SAU
SUẤT 17:30 - PHÁT LẠI
Trải nghiệm BTS WORLD TOUR 'ARIRANG' trên màn ảnh rộng tại các rạp chiếu phim trên toàn thế giới, với điểm cầu được truyền trực tiếp từ Buenos Aires, Argentina!
Đánh dấu lần đầu tiên BTS biểu diễn tại Argentina, đêm diễn đặc biệt này hứa hẹn mang trọn vẹn nguồn năng lượng bùng nổ từ sân vận động chật kín khán giả lên màn ảnh rộng, để ARMY trên toàn cầu cùng hòa mình vào khoảnh khắc lịch sử của BTS.
Lưu ý: Tại một số thị trường, suất phát sóng sẽ được tổ chức vào thời gian muộn hơn để phù hợp với múi giờ địa phương.",195,2026-09-24,P,COMING_SOON,https://cdn.galaxycine.vn/media/2026/10/1/bts-world-tour-arirang-in-buenos-aires-live-viewing-1_1790858086260.jpg,https://cdn.galaxycine.vn/media/2026/10/1/bts-world-tour-arirang-in-buenos-aires-live-viewing-4_1790858132675.jpg,https://www.youtube.com/user/galaxymovies,,Hàn Quốc,4.5,27,9,10
bts-world-tour-arirang-in-sao-paulo-live-viewing,PHIM,,"TRẢI NGHIỆM BTS WORLD TOUR 'ARIRANG' TẠI RẠP CHIẾU PHIM TRÊN TOÀN CẦU, TRUYỀN HÌNH TRỰC TIẾP TỪ SÃO PAULO, BRAZIL!",,2026-09-24,P,COMING_SOON,https://cdn.galaxycine.vn/media/2026/10/1/bts-world-tour-arirang-in-sao-paulo-live-viewing-1_1790858875836.jpg,,https://www.youtube.com/user/galaxymovies,,,0,0,,10
trai-buon-nguoi,Trại Buôn Người,,"Vì cứu em gái sa bẫy buôn người ở biên giới miền Tây, Ny (Steven Nguyễn) cùng bạn thân bị bắt làm nô dịch trong sào huyệt lừa đảo tàn bạo.
Tại đây, họ cùng các trinh sát nằm vùng và các nạn nhân hứng chịu bi kịch thể xác âm thầm lập kế hoạch trốn thoát.
Phim mới Trại Buôn Người suất chiếu sớm 24.09 (không áp dụng Movie voucher), dự kiến khởi chiếu 25.09.2026 tại các rạp chiếu phim toàn quốc.",135,2026-09-24,P,COMING_SOON,https://cdn.galaxycine.vn/media/2026/9/22/trai-buon-nguoi-500_1790067332155.jpg,https://cdn.galaxycine.vn/media/2026/9/18/1200-trai-buon-nguoi_1789697712013.jpg,https://www.youtube.com/user/galaxymovies,,Việt Nam,4.65,408,9.3,10
henrys-first-date,Quyết Cua Anh Này,,"Henry's First Date/ Quyết Cua Anh Này kể về tình yêu của một chàng trai tốt bụng nhưng mắc bệnh mất trí nhớ.
Một bộ phim gia đình lãng mạn & hài hước. Henry là một anh chàng tốt bụng, yêu động vật nhưng mắc một căn bệnh kỳ lạ: cứ mỗi sáng thức dậy, anh lại chẳng nhớ gì về những chuyện đã xảy ra ngày hôm trước. Hãy cùng đón xem câu chuyện Lucy làm quen Henry lại mỗi ngày và cùng hồi hộp chờ xem liệu Henry có thể nhớ ra Lucy hay không nhé
Phim mới Henry's First Date/ Quyết Cua Anh Này suất chiếu sớm 01.10 (không áp dụng Movie voucher), dự kiến khởi chiếu 02.10.2026 tại các rạp chiếu phim toàn quốc.",115,2026-10-09,P,NOW_SHOWING,https://cdn.galaxycine.vn/media/2026/9/24/henrys-first-date-4_1790237311455.jpg,https://cdn.galaxycine.vn/media/2026/9/24/henrys-first-date-3_1790238069173.jpg,https://www.youtube.com/user/galaxymovies,,Thái Lan,4.35,22,8.7,10
trai-buon-nguoi,PHIM,,"Vì cứu em gái sa bẫy buôn người ở biên giới miền Tây, Ny (Steven Nguyễn) cùng bạn thân bị bắt làm nô dịch trong sào huyệt lừa đảo tàn bạo.",,2026-10-09,P,NOW_SHOWING,https://cdn.galaxycine.vn/media/2026/9/18/1200-trai-buon-nguoi_1789697712013.jpg,,https://www.youtube.com/user/galaxymovies,,,0,0,,10
than-su-chung-quy-linh-gioi-dai-chien,PHIM,,"Suốt nhiều thế hệ, gia tộc Chung Quỳ luôn giữ gìn hòa bình giữa loài người và yêu quái. Sau khi được vị thợ săn yêu huyền thoại cứu mạng và đưa xuống âm giới, cô gái phàm trần Sơ Cửu gặp gỡ những người bạn kỳ lạ...",,2026-10-09,P,NOW_SHOWING,https://cdn.galaxycine.vn/media/2026/9/23/than-su-chung-qu_1790154339949.jpg,,https://www.youtube.com/user/galaxymovies,,,0,0,,10
scotty,Scotty: Giải Cứu Hoàng Thượng,,"Scotty - một chú mèo hoang vốn quen sống trong lãnh địa của mình bất ngờ bị kéo vào cuộc phiêu lưu bất đắc dĩ cùng Katie, một cô mèo nhà. Đến từ hai thế giới khác biệt, Boss hạng sang và Mèo hạng xoàng học cách cùng nhau vượt qua muôn vàn hiểm nguy. Sau hành trình ấy, cả hai dần gắn kết và hiểu được ý nghĩa thật sự của nơi gọi là nhà.
Phim mới Scotty/ Scotty: Giải Cứu Hoàng Thượng dự kiến khởi chiếu 02.10.2026 tại các rạp chiếu phim toàn quốc.",80,2026-10-09,P,NOW_SHOWING,https://cdn.galaxycine.vn/media/2026/9/28/scotty-500_1790567736139.jpg,https://cdn.galaxycine.vn/media/2026/9/28/scotty-627_1790568406711.jpg,https://www.youtube.com/user/galaxymovies,,Đức,3.8,5,7.6,10
an-mang-xem-hoan-hao,Án Mạng Xém Hoàn Hảo,,"Trinh, cô nàng TikToker ngôn tình triệu view, tỉnh dậy giữa phim trường lạnh lẽo với cái đầu đau như búa bổ, mất trí nhớ và phát hiện xác của Yến (diễn viên) – tình địch đang bị nghi ngờ có gì mờ ám với diễn viên Khang (chồng sắp cưới). Đại (thám tử) được Trinh thuê theo dõi vụ ngoại tình lẻn vào giúp thì vấp ngã để lại dấu vân tay lên tử thi và vô tình bị bảo vệ bắt quả tang. Kể từ đây, liên tiếp những tình huống oái oăm mà cặp đôi “đũa lệch” phải đối mặt: chạy trốn khỏi cảnh sát dí sát gót và sát thủ rình rập, vừa cãi nhau tóe khói vừa phá án. Song Song đó, cả hai vô tình lật tẩy bí mật động trời của showbiz.
Phim mới Án Mạng Xém Hoàn Hảo dự kiến khởi chiếu 09.10.2026 tại các rạp chiếu phim toàn quốc.",124,2026-10-09,P,NOW_SHOWING,https://cdn.galaxycine.vn/media/2026/8/27/an-mang-xem-hoan-hao-500_1787816297996.jpg,https://cdn.galaxycine.vn/media/2026/8/14/an-mang-xem-hoan-hao-627_1786677191770.jpg,https://www.youtube.com/user/galaxymovies,,Việt Nam,4.5,31,9,10
always-lalisa,PHIM,,Always Lalisa đưa khán giả bước vào một năm đặc biệt trong cuộc đời LISA – khi cô tạm rời Blackpink để lần đầu tiên thực sự bước đi trên con đường solo,,2026-10-09,P,NOW_SHOWING,https://cdn.galaxycine.vn/media/2026/9/16/always-lalisa-1_1789551952088.jpg,,https://www.youtube.com/user/galaxymovies,,,0,0,,10
bts-world-tour-arirang-in-buenos-aires-live-viewing,PHIM,,"Trải nghiệm BTS WORLD TOUR 'ARIRANG' trên màn ảnh rộng tại các rạp chiếu phim trên toàn thế giới, với điểm cầu được truyền trực tiếp từ Buenos Aires, Argentina!",,2026-10-09,P,NOW_SHOWING,https://cdn.galaxycine.vn/media/2026/10/1/bts-world-tour-arirang-in-buenos-aires-live-viewing-4_1790858132675.jpg,,https://www.youtube.com/user/galaxymovies,,,0,0,,10
bts-world-tour-arirang-in-sao-paulo-live-viewing,BTS World Tour 'Arirang' In São Paulo: Live Viewing,,"TRẢI NGHIỆM BTS WORLD TOUR 'ARIRANG' TẠI RẠP CHIẾU PHIM TRÊN TOÀN CẦU, TRUYỀN HÌNH TRỰC TIẾP TỪ SÃO PAULO, BRAZIL!
THỨ BẢY - NGÀY 31.10.2026
SUẤT 13:45 - TIẾP SÓNG SAU
SUẤT 17:30 - PHÁT LẠI
Đánh dấu chặng cuối hoành tráng của tour diễn tại Mỹ Latinh, đại nhạc hội quy mô chưa từng có này sẽ đưa nguồn năng lượng bùng nổ từ sân vận động chật kín khán giả tại Brazil thẳng lên màn ảnh rộng, để ARMY trên toàn thế giới cùng hòa mình vào khoảnh khắc đặc biệt của BTS.
Lưu ý: Tại một số thị trường, suất chiếu sẽ được phát sóng vào thời gian muộn hơn để phù hợp với múi giờ địa phương.",195,2026-10-09,P,NOW_SHOWING,https://cdn.galaxycine.vn/media/2026/10/1/bts-world-tour-arirang-in-sao-paulo-live-viewing-2_1790858839085.jpg,https://cdn.galaxycine.vn/media/2026/10/1/bts-world-tour-arirang-in-sao-paulo-live-viewing-1_1790858875836.jpg,https://www.youtube.com/user/galaxymovies,,Hàn Quốc,4.6,17,9.2,10
quy-tu-vuot-giau,Quý Tử Vượt Giàu,,"Quý Tử Vượt Giàu xoay quanh gia đình ông Phát, bà Diệp và cậu con trai duy nhất Phú Quý. Để nuôi dạy con cái trưởng thành theo đúng ý mình, vợ chồng Phát - Diệp liên tục gây hoang mang khi tạo ra một cuộc sống lẫn lộn giữa giàu và nghèo, thật và giả. Thế nhưng, khi Phú Quý lớn lên với những lựa chọn khác với kỳ vọng của ba mẹ, hàng loạt tình huống dở khóc dở cười liên tiếp xảy ra, kéo theo những bí mật chưa từng được hé lộ. Ẩn sau màu sắc hài hước là câu chuyện về tình thân, khoảng cách thế hệ và hành trình để ba mẹ lẫn con cái học cách lắng nghe, thấu hiểu nhau.
Phim mới Quý Tử Vượt Giàu có suất chiếu sớm từ 27.08 (không áp dụng movie voucher) và khởi chiếu chính thức 28.08.2026 tại các rạp chiếu phim toàn quốc.
PHIM ĐANG CHIẾU
Mua vé
9.2
Always Lalisa
Mua vé
9
T18
Án Mạng Xém Hoàn Hảo
Mua vé
8.7
T13
Quyết Cua Anh Này
Xem thêm
GIỚI THIỆU
Về Chúng Tôi
Thoả Thuận Sử Dụng
Quy Chế Hoạt Động
Chính Sách Bảo Mật
GÓC ĐIỆN ẢNH
Thể Loại Phim
Bình Luận Phim
Blog Điện Ảnh
Phim Hay Tháng
Phim IMAX
HỖ TRỢ
Góp Ý
Sale & Services
Rạp / Giá Vé
Tuyển Dụng
FAQ
CÔNG TY CỔ PHẦN PHIM THIÊN NGÂN
MST: 0101595681
3/9 Võ Văn Tần, Phường Xuân Hòa, Thành phố Hồ Chí Minh, Việt Nam
: 028.39.333.303 - : 19002224 (9:00 - 22:00) - : hotro@galaxystudio.vn",118,2026-10-09,P,NOW_SHOWING,https://cdn.galaxycine.vn/media/2026/8/12/qu-tu-vuot-giau-500_1786523792757.jpg,,https://www.youtube.com/user/galaxymovies,,Việt Nam,4.1,143,8.2,10
hope,Hope Vùng Tử Địa,,"Tại Hope Harbor, một ngôi làng hẻo lánh nằm gần khu vực phi quân sự, cảnh sát trưởng Bum-seok đã nhận được tin báo khẩn cấp từ người dân địa phương về sự xuất hiện của một con hổ. Khi cả ngôi làng chìm trong hoảng loạn, Bum-seok ngỡ ngàng khi phát hiện một sự thật nằm ngoài sức tưởng tượng của con người.
Phim mới Hope/ Hope Vùng Tử Địa suất chiếu sớm 1-2-3.09 (không áp dụng Movie Voucher), dự kiến khởi chiếu 04.09.2026 tại các rạp chiếu phim toàn quốc.
PHIM ĐANG CHIẾU
Mua vé
9.2
Always Lalisa
Mua vé
9
T18
Án Mạng Xém Hoàn Hảo
Mua vé
8.7
T13
Quyết Cua Anh Này
Xem thêm
GIỚI THIỆU
Về Chúng Tôi
Thoả Thuận Sử Dụng
Quy Chế Hoạt Động
Chính Sách Bảo Mật
GÓC ĐIỆN ẢNH
Thể Loại Phim
Bình Luận Phim
Blog Điện Ảnh
Phim Hay Tháng
Phim IMAX
HỖ TRỢ
Góp Ý
Sale & Services
Rạp / Giá Vé
Tuyển Dụng
FAQ
CÔNG TY CỔ PHẦN PHIM THIÊN NGÂN
MST: 0101595681
3/9 Võ Văn Tần, Phường Xuân Hòa, Thành phố Hồ Chí Minh, Việt Nam
: 028.39.333.303 - : 19002224 (9:00 - 22:00) - : hotro@galaxystudio.vn
C
h
ờ
x
í
u
n
h
e
.
.
.",157,2026-10-09,P,NOW_SHOWING,https://cdn.galaxycine.vn/media/2026/8/14/hope-500_1786678741370.jpg,https://cdn.galaxycine.vn/media/2026/8/14/hope-627_1786679056268.jpg,https://www.youtube.com/user/galaxymovies,,Hàn Quốc,4.6,507,9.2,10
len-huong,PHIM,,"Một bà chủ của trại hòm ế ẩm và một thanh niên cần tiền trang trải cuộc sống đã vô tình mắc vào một “giao kèo định mệnh"".",,2026-10-09,P,NOW_SHOWING,https://cdn.galaxycine.vn/media/2026/9/4/len-huong_1788501143294.jpg,,https://www.youtube.com/user/galaxymovies,,,0,0,,10
len-huong,Lên Hương,,"Một bà chủ của trại hòm ế ẩm và một thanh niên cần tiền trang trải cuộc sống đã vô tình mắc vào một “giao kèo định mệnh"".
Một người cố giữ nghề, một người cố cứu mạng người mẹ đang bệnh nặng, mở ra bí mật về món nợ đã chôn vùi suốt nhiều năm.
Phim mới Lên Hương có suất chiếu đặc biệt vào 11-13.09 (không áp dụng movie voucher) và khởi chiếu chính thức 18.09.2026 tại các rạp chiếu phim toàn quốc.
GIỚI THIỆU
Về Chúng Tôi
Thoả Thuận Sử Dụng
Quy Chế Hoạt Động
Chính Sách Bảo Mật
GÓC ĐIỆN ẢNH
Thể Loại Phim
Bình Luận Phim
Blog Điện Ảnh
Phim Hay Tháng
Phim IMAX
HỖ TRỢ
Góp Ý
Sale & Services
Rạp / Giá Vé
Tuyển Dụng
FAQ
CÔNG TY CỔ PHẦN PHIM THIÊN NGÂN
MST: 0101595681
3/9 Võ Văn Tần, Phường Xuân Hòa, Thành phố Hồ Chí Minh, Việt Nam
: 028.39.333.303 - : 19002224 (9:00 - 22:00) - : hotro@galaxystudio.vn",121,2026-10-09,P,NOW_SHOWING,https://cdn.galaxycine.vn/media/2026/8/24/len-huong-500_1787557021628.jpg,https://cdn.galaxycine.vn/media/2026/9/4/len-huong_1788501143294.jpg,https://www.youtube.com/user/galaxymovies,,Việt Nam,4.6,276,9.2,10
ut-lan-2,Út Lan 2,,"Từ lúc một con rắn hai đầu xuất hiện, ngôi làng ven sông liên tiếp xảy ra những cái chết bí ẩn. Khi những bí mật bị lãng quên dần trồi lên mặt nước, người dân nhận ra có những lời nguyền chưa bao giờ thực sự biến mất.
Phim mới Út Lan 2 suất chiếu sớm 18-19-20.09 (không áp dụng Movie voucher), dự kiến khởi chiếu 25.09.2026 tại các rạp chiếu phim toàn quốc.",107,2026-10-09,P,NOW_SHOWING,https://cdn.galaxycine.vn/media/2026/9/14/ut-lan-2-500_1789379381801.jpg,,https://www.youtube.com/user/galaxymovies,,Việt Nam,3.5,227,7,10
supergirl,Supergirl,,"Supergirl – bom tấn mới nhất từ DC Studios – sẽ chính thức đổ bộ các rạp chiếu toàn cầu vào mùa hè này, với Milly Alcock đảm nhận vai kép Supergirl/Kara Zor-El. Khi một kẻ thù bất ngờ và tàn nhẫn giáng đòn ngay tại nơi cô gọi là nhà, Kara Zor-El – hay còn được biết đến với cái tên Supergirl – buộc phải bắt tay với một đồng minh không ai ngờ tới, bắt đầu chuyến hành trình xuyên dải ngân hà đầy sử thi, nơi vừa là cuộc trả thù, vừa là hành trình đi tìm công lý.
Phim mới Supergirl suất chiếu sớm 24-25.06 (không áp dụng Movie voucher), dự kiến khởi chiếu 26.06.2026 tại các rạp chiếu phim toàn quốc.
Hình Ảnh Trong Phim
PHIM ĐANG CHIẾU
Mua vé
9.2
Always Lalisa
Mua vé
9
T18
Án Mạng Xém Hoàn Hảo
Mua vé
8.7
T13
Quyết Cua Anh Này
Xem thêm
GIỚI THIỆU
Về Chúng Tôi
Thoả Thuận Sử Dụng
Quy Chế Hoạt Động
Chính Sách Bảo Mật
GÓC ĐIỆN ẢNH
Thể Loại Phim
Bình Luận Phim
Blog Điện Ảnh
Phim Hay Tháng
Phim IMAX
HỖ TRỢ
Góp Ý
Sale & Services
Rạp / Giá Vé
Tuyển Dụng
FAQ
CÔNG TY CỔ PHẦN PHIM THIÊN NGÂN
MST: 0101595681
3/9 Võ Văn Tần, Phường Xuân Hòa, Thành phố Hồ Chí Minh, Việt Nam
: 028.39.333.303 - : 19002224 (9:00 - 22:00) - : hotro@galaxystudio.vn
C
h
ờ
x
í
u
n
h
e
.
.
.",108,2026-10-09,P,COMING_SOON,https://cdn.galaxycine.vn/media/2026/6/3/supergirl-500_1780456971440.jpg,https://cdn.galaxycine.vn/media/2026/6/19/supergirl_1781878895630.jpg,https://www.youtube.com/user/galaxymovies,,Mỹ,4.25,52,8.5,10
minions-the-rise-of-gru,Minions: Sự Trỗi Dậy Của Gru,,"Minions - Những Quả Chuối Vàng biết đi sẽ trở lại trong câu chuyện chưa kể về tuổi thơ của Gru - cậu bé mười hai tuổi mơ được trở thành ác nhân xuất sắc nhất thế giới.
Phim mới Minions: Sự Trỗi Dậy Của Gru khởi chiếu 01.07.2022 tại các rạp chiếu phim toàn quốc.
Hình Ảnh Trong Phim
PHIM ĐANG CHIẾU
Mua vé
9.2
Always Lalisa
Mua vé
9
T18
Án Mạng Xém Hoàn Hảo
Mua vé
8.7
T13
Quyết Cua Anh Này
Xem thêm
GIỚI THIỆU
Về Chúng Tôi
Thoả Thuận Sử Dụng
Quy Chế Hoạt Động
Chính Sách Bảo Mật
GÓC ĐIỆN ẢNH
Thể Loại Phim
Bình Luận Phim
Blog Điện Ảnh
Phim Hay Tháng
Phim IMAX
HỖ TRỢ
Góp Ý
Sale & Services
Rạp / Giá Vé
Tuyển Dụng
FAQ
CÔNG TY CỔ PHẦN PHIM THIÊN NGÂN
MST: 0101595681
3/9 Võ Văn Tần, Phường Xuân Hòa, Thành phố Hồ Chí Minh, Việt Nam
: 028.39.333.303 - : 19002224 (9:00 - 22:00) - : hotro@galaxystudio.vn
C
h
ờ
x
í
u
n
h
e
.
.
.",22,2026-10-09,P,COMING_SOON,https://cdn.galaxycine.vn/media/2022/6/14/1200wx1800h_1655176495829.jpg,https://cdn.galaxycine.vn/media/2020/2/13/wewe_1581587471778.jpg,https://www.youtube.com/user/galaxymovies,,Mỹ,4.65,1342,9.3,10
the-odyssey,The Odyssey,,"Theo chân Odysseus trong hành trình trở về nhà sau cuộc chiến thành Troy, tràn ngập thử thách như cuộc chạm trán của ông với Polyphemus, các nàng tiên cá, Circe và kết thúc bằng cuộc đoàn tụ với vợ mình, Penelope.
Hình Ảnh Trong Phim
PHIM ĐANG CHIẾU
Mua vé
9.2
Always Lalisa
Mua vé
9
T18
Án Mạng Xém Hoàn Hảo
Mua vé
8.7
T13
Quyết Cua Anh Này
Xem thêm
GIỚI THIỆU
Về Chúng Tôi
Thoả Thuận Sử Dụng
Quy Chế Hoạt Động
Chính Sách Bảo Mật
GÓC ĐIỆN ẢNH
Thể Loại Phim
Bình Luận Phim
Blog Điện Ảnh
Phim Hay Tháng
Phim IMAX
HỖ TRỢ
Góp Ý
Sale & Services
Rạp / Giá Vé
Tuyển Dụng
FAQ
CÔNG TY CỔ PHẦN PHIM THIÊN NGÂN
MST: 0101595681
3/9 Võ Văn Tần, Phường Xuân Hòa, Thành phố Hồ Chí Minh, Việt Nam
: 028.39.333.303 - : 19002224 (9:00 - 22:00) - : hotro@galaxystudio.vn
C
h
ờ
x
í
u
n
h
e
.
.
.",173,2026-10-09,P,COMING_SOON,https://cdn.galaxycine.vn/media/2026/5/6/the-oddysey-500_1778060370554.jpg,https://cdn.galaxycine.vn/media/2026/7/15/the-odyssey_1784091605727.jpg,https://www.youtube.com/user/galaxymovies,,Mỹ,4.6,457,9.2,10
oppenheimer,Oppenheimer: Phim Hay Nhất Oscar 2024?,,Câu chuyện kể về nhà khoa học người Mỹ J. Robert Oppenheimer và vai trò của ông trong việc phát triển bom nguyên tử.,,2026-10-09,,NOW_SHOWING,https://cdn.galaxycine.vn/media/2024/1/25/oppenheimer_1706180064564.jpg,,https://www.youtube.com/watch?v=u_JNa-4XgW0,,,0,0,,10
always-lalisa,PHIM,,Always Lalisa đưa khán giả bước vào một năm đặc biệt trong cuộc đời LISA – khi cô tạm rời Blackpink để lần đầu tiên thực sự bước đi trên con đường solo,,2026-10-09,P,COMING_SOON,https://cdn.galaxycine.vn/media/2026/9/16/always-lalisa-1_1789551952088.jpg,,https://www.youtube.com/user/galaxymovies,,,0,0,,10
henrys-first-date,Quyết Cua Anh Này,,"Henry's First Date/ Quyết Cua Anh Này kể về tình yêu của một chàng trai tốt bụng nhưng mắc bệnh mất trí nhớ.
Một bộ phim gia đình lãng mạn & hài hước. Henry là một anh chàng tốt bụng, yêu động vật nhưng mắc một căn bệnh kỳ lạ: cứ mỗi sáng thức dậy, anh lại chẳng nhớ gì về những chuyện đã xảy ra ngày hôm trước. Hãy cùng đón xem câu chuyện Lucy làm quen Henry lại mỗi ngày và cùng hồi hộp chờ xem liệu Henry có thể nhớ ra Lucy hay không nhé
Phim mới Henry's First Date/ Quyết Cua Anh Này suất chiếu sớm 01.10 (không áp dụng Movie voucher), dự kiến khởi chiếu 02.10.2026 tại các rạp chiếu phim toàn quốc.",115,2026-10-09,P,COMING_SOON,https://cdn.galaxycine.vn/media/2026/9/24/henrys-first-date-4_1790237311455.jpg,https://cdn.galaxycine.vn/media/2026/9/24/henrys-first-date-3_1790238069173.jpg,https://www.youtube.com/user/galaxymovies,,Thái Lan,4.35,22,8.7,10