chainCode,externalId,name,address,provinceCode,provinceName,districtName,latitude,longitude,phone,timezone,isActive,url
GALAXY,galaxy-sala,Galaxy CineX Thiso Mall Sala,"Tầng 3, TTTM Thiso Mall Sala - Số 10 Đường Mai Chí Thọ, Phường An Khánh, TP.HCM",TP_HCM,TP.HCM,,10.770808140059383,106.72208299754183,19002224,Asia/Ho_Chi_Minh,true,https://www.galaxycine.vn/rap-gia-ve/galaxy-sala/
GALAXY,galaxy-cineo-go-an-lac,Galaxy CineO GO! An Lạc,"TTTM GO! An Lạc, 1231 Quốc Lộ 1A, Phường An Lạc, Thành phố Hồ Chí Minh",HCM,Thành phố Hồ Chí Minh,,10.730116192865854,106.60380891481934,19002224,Asia/Ho_Chi_Minh,true,https://www.galaxycine.vn/rap-gia-ve/galaxy-cineo-go-an-lac/
GALAXY,galaxy-quang-trung,Galaxy CineO Coop Quang Trung,"Tầng 3,TTTM Co.opmart Quang Trung - 304A Quang Trung, Phường Thông Tây Hội, TP.HCM",TP_HCM,TP.HCM,,10.835218200000002,106.66212379999999,1900 2224,Asia/Ho_Chi_Minh,true,https://www.galaxycine.vn/rap-gia-ve/galaxy-quang-trung/
GALAXY,galaxy-parc-mall-q8,Galaxy Cine+ Parc Mall,"Tầng 4, TTTM Parc Mall - 547-549 Tạ Quang Bửu, Phường Chánh Hưng, TP.HCM",TP_HCM,TP.HCM,,10.741827497424774,106.67817395745189,19002224,Asia/Ho_Chi_Minh,true,https://www.galaxycine.vn/rap-gia-ve/galaxy-parc-mall-q8/
GALAXY,galaxy-cine-thiso-phan-huy-ich,Galaxy Cine+ Thiso Mall Phan Huy Ích,"Tầng 4, TTTM Thiso Mall Trường Chinh - Phan Huy Ích - 385 Phan Huy Ích, Phường An Hội Tây, TP.HCM",TP_HCM,TP.HCM,,10.841470714379945,106.63633178009454,19002224,Asia/Ho_Chi_Minh,true,https://www.galaxycine.vn/rap-gia-ve/galaxy-cine-thiso-phan-huy-ich/
GALAXY,galaxy-kinh-duong-vuong,Galaxy Cinema Kinh Dương Vương,"718 Bis Kinh Dương Vương, Phường Phú Lâm, TP.HCM",TP_HCM,TP.HCM,,10.7501286,106.6283014,1900 2224,Asia/Ho_Chi_Minh,true,https://www.galaxycine.vn/rap-gia-ve/galaxy-kinh-duong-vuong/
GALAXY,galaxy-tan-binh,Galaxy Cinema Tân Bình,"246 Nguyễn Hồng Đào, Phường Tân Bình, TP.HCM",TP_HCM,TP.HCM,,10.7904517,106.64075729999999,1900 2224,Asia/Ho_Chi_Minh,true,https://www.galaxycine.vn/rap-gia-ve/galaxy-tan-binh/
GALAXY,galaxy-trung-chanh,Galaxy Cinema Trung Chánh,"TTVH Quận 12 - Số 09, Quốc Lộ 22, Phường Trung Mỹ Tây, TP.HCM",TP_HCM,TP.HCM,,10.853875340478293,106.61131472719929,1900 2224,Asia/Ho_Chi_Minh,true,https://www.galaxycine.vn/rap-gia-ve/galaxy-trung-chanh/
GALAXY,galaxy-nguyen-van-qua,Galaxy Cinema Nguyễn Văn Quá,"119B Nguyễn Văn Quá, Phường Đông Hưng Thuận, TP. HCM",HCM,TP. HCM,,10.840648792277957,106.6277653143511,19002224,Asia/Ho_Chi_Minh,true,https://www.galaxycine.vn/rap-gia-ve/galaxy-nguyen-van-qua/
GALAXY,galaxy-nguyen-du,Galaxy Cinema Nguyễn Du,"116 Nguyễn Du, Phường Bến Thành, TP.HCM",TP_HCM,TP.HCM,,10.772936992323917,106.69119831435039,1900 2224,Asia/Ho_Chi_Minh,true,https://www.galaxycine.vn/rap-gia-ve/galaxy-nguyen-du/
GALAXY,galaxy-truong-chinh,Galaxy Cinema Coop Trường Chinh,"Tầng 3, TTTM Co.opmart Thắng Lợi - Số 02 Trường Chinh, Phường Tây Thạnh, TP.HCM",TP_HCM,TP.HCM,,10.169966011023302,105.53007048480318,19002224,Asia/Ho_Chi_Minh,true,https://www.galaxycine.vn/rap-gia-ve/galaxy-truong-chinh/
GALAXY,galaxy-linh-trung,Galaxy Cinema Co.opXtra Linh Trung,"Tầng Trệt, TTTM Co.opXtra Linh Trung - 934 Quốc Lộ 1A, Phường Linh Xuân, TP.HCM",TP_HCM,TP.HCM,,10.853174638748207,106.73267003413986,19002224,Asia/Ho_Chi_Minh,true,https://www.galaxycine.vn/rap-gia-ve/galaxy-linh-trung/
GALAXY,galaxy-huynh-tan-phat,Galaxy Cinema Coop Huỳnh Tấn Phát,"Tầng 2, TTTM Co.opmart Huỳnh Tấn Phát - 1362 Huỳnh Tấn Phát, Phường Tân Mỹ, TP. HCM",HCM,TP. HCM,,10.71245076329959,106.73473591521628,19002224 ,Asia/Ho_Chi_Minh,true,https://www.galaxycine.vn/rap-gia-ve/galaxy-huynh-tan-phat/
GALAXY,fb233b0f-edb4-4eb1-ade8-7f8b83ab2457,Galaxy Cinema Nguyễn Du,"116 Nguyễn Du, Phường Bến Thành, TP.HCM",TP_HCM,TP.HCM,,10.772936992323917,106.69119831435039,1900 2224,Asia/Ho_Chi_Minh,true,https://www.galaxycine.vn/rap-gia-ve/fb233b0f-edb4-4eb1-ade8-7f8b83ab2457/