chainCode,externalId,name,address,provinceCode,provinceName,districtName,latitude,longitude,phone,timezone,isActive,url,mapUrl,imageUrl
GALAXY,galaxy-nguyen-du,Galaxy Nguyễn Du,"116 Nguyễn Du, Q.1, Tp. Hồ Chí Minh",HCM,Hồ Chí Minh,Quận 1,,,,Asia/Ho_Chi_Minh,true,https://moveek.com/rap/galaxy-nguyen-du,https://maps.google.com/?q=Galaxy%20Nguy%E1%BB%85n%20Du,https://cdn.moveek.com/storage/media/cache/square/5fffb30b3194c340097683.webp
GALAXY,galaxy-tan-binh,Galaxy Tân Bình,"246 Nguyễn Hồng Đào, Q.Tân Bình, Tp. Hồ Chí Minh",HCM,Hồ Chí Minh,Quận Tân Bình,,,,Asia/Ho_Chi_Minh,true,https://moveek.com/rap/galaxy-tan-binh,https://maps.google.com/?q=Galaxy%20T%C3%A2n%20B%C3%ACnh,https://cdn.moveek.com/storage/media/cache/square/5fffb30b3194c340097683.webp
GALAXY,galaxy-kinh-duong-vuong,Galaxy Kinh Dương Vương,"718bis Kinh Dương Vương, Q.6, Tp. Hồ Chí Minh",HCM,Hồ Chí Minh,Quận 6,,,,Asia/Ho_Chi_Minh,true,https://moveek.com/rap/galaxy-kinh-duong-vuong,https://maps.google.com/?q=Galaxy%20Kinh%20D%C6%B0%C6%A1ng%20V%C6%B0%C6%A1ng,https://cdn.moveek.com/storage/media/cache/square/5fffb30b3194c340097683.webp
GALAXY,galaxy-quang-trung,Galaxy Quang Trung,"Lầu 3, CoopMart Foodcosa, 304A Quang Trung, P.11, Q. Gò Vấp, Tp. Hồ Chí Minh",HCM,Hồ Chí Minh,Quận Gò Vấp,,,,Asia/Ho_Chi_Minh,true,https://moveek.com/rap/galaxy-quang-trung,https://maps.google.com/?q=Galaxy%20Quang%20Trung,https://cdn.moveek.com/storage/media/cache/square/5fffb30b3194c340097683.webp
GALAXY,galaxy-trung-chanh,Galaxy Trung Chánh,"Trung Tâm Văn Hóa Quận 12, 09 Quốc lộ 22, P. Trung Mỹ Tây, Q.12, Tp. Hồ Chí Minh",HCM,Hồ Chí Minh,Quận 12,,,,Asia/Ho_Chi_Minh,true,https://moveek.com/rap/galaxy-trung-chanh,https://maps.google.com/?q=Galaxy%20Trung%20Ch%C3%A1nh,https://cdn.moveek.com/storage/media/cache/square/5fffb30b3194c340097683.webp
GALAXY,galaxy-huynh-tan-phat,Galaxy Huỳnh Tấn Phát,"Lầu 2 CoopMart, 1362 Huỳnh Tấn Phát, khu phố 1, Phường Phú Mỹ, Quận 7",HCM,Hồ Chí Minh,Quận 7,,,,Asia/Ho_Chi_Minh,true,https://moveek.com/rap/galaxy-huynh-tan-phat,https://maps.google.com/?q=Galaxy%20Hu%E1%BB%B3nh%20T%E1%BA%A5n%20Ph%C3%A1t,https://cdn.moveek.com/storage/media/cache/square/5fffb30b3194c340097683.webp
GALAXY,galaxy-nguyen-van-qua,Galaxy Nguyễn Văn Quá,"119B Nguyễn Văn Quá, P. Đông Hưng Thuận, Q.12, Tp. Hồ Chí Minh",HCM,Hồ Chí Minh,Quận 12,,,,Asia/Ho_Chi_Minh,true,https://moveek.com/rap/galaxy-nguyen-van-qua,https://maps.google.com/?q=Galaxy%20Nguy%E1%BB%85n%20V%C4%83n%20Qu%C3%A1,https://cdn.moveek.com/storage/media/cache/square/5fffb30b3194c340097683.webp
GALAXY,galaxy-thu-duc,Galaxy Linh Trung Thủ Đức,"Siêu thị Co.opXtra Thủ Đức 934 QL1A, Phường Linh Trung, Quận Thủ Đức, Hồ Chí Minh",HCM,Hồ Chí Minh,Quận Thủ Đức,,,,Asia/Ho_Chi_Minh,true,https://moveek.com/rap/galaxy-thu-duc,https://maps.google.com/?q=Galaxy%20Linh%20Trung%20Th%E1%BB%A7%20%C4%90%E1%BB%A9c,https://cdn.moveek.com/storage/media/cache/square/5fffb30b3194c340097683.webp
GALAXY,galaxy-sala,Galaxy Sala,"Tầng 3, Thiso Mall Sala, 10 Mai Chí Thọ, Phường Thủ Thiêm, Thành phố Thủ Đức",HCM,Hồ Chí Minh,,,,,Asia/Ho_Chi_Minh,true,https://moveek.com/rap/galaxy-sala,https://maps.google.com/?q=Galaxy%20Sala,https://cdn.moveek.com/storage/media/cache/square/5fffb30b3194c340097683.webp
GALAXY,Galaxy-Parc-Mall-Q8,Galaxy Parc Mall Q8,"Tầng 4 TTTM Parc Mall, 547-549 Tạ Quang Bửu, Phường 4, Quận 8",HCM,Hồ Chí Minh,Quận 8,,,,Asia/Ho_Chi_Minh,true,https://moveek.com/rap/Galaxy-Parc-Mall-Q8,https://maps.google.com/?q=Galaxy%20Parc%20Mall%20Q8,https://cdn.moveek.com/storage/media/cache/square/5fffb30b3194c340097683.webp
GALAXY,galaxy-truong-chinh,Galaxy Trường Chinh,"Tầng 3 - Co.opMart TTTM Thắng Lợi - Số 2 Trường Chinh, Tây Thạnh, Tân Phú, Thành phố Hồ Chí Minh",HCM,Hồ Chí Minh,,,,,Asia/Ho_Chi_Minh,true,https://moveek.com/rap/galaxy-truong-chinh,https://maps.google.com/?q=Galaxy%20Tr%C6%B0%E1%BB%9Dng%20Chinh,https://cdn.moveek.com/storage/media/cache/square/5fffb30b3194c340097683.webp
GALAXY,galaxy-cine-thiso-phan-huy-ich,Galaxy Cine+ Thiso Phan Huy Ích,"Tầng 4 TTTM Thiso Mall Trường Chinh - Phan Huy Ích - 385 Phan Huy Ích, Phường 14, Quận Gò Vấp, TP. HCM",HCM,Hồ Chí Minh,Quận Gò Vấp,,,,Asia/Ho_Chi_Minh,true,https://moveek.com/rap/galaxy-cine-thiso-phan-huy-ich,https://maps.google.com/?q=Galaxy%20Cine+%20Thiso%20Phan%20Huy%20%C3%8Dch,https://cdn.moveek.com/storage/media/cache/square/5fffb30b3194c340097683.webp
GALAXY,galaxy-cineo-go-an-lac,Galaxy CineO GO! An Lạc,"TTTM GO! An Lạc, 1231 Quốc Lộ 1A, Phường An Lạc, TP.HCM",HCM,Hồ Chí Minh,,,,,Asia/Ho_Chi_Minh,true,https://moveek.com/rap/galaxy-cineo-go-an-lac,https://maps.google.com/?q=Galaxy%20CineO%20GO!%20An%20L%E1%BA%A1c,https://cdn.moveek.com/storage/media/cache/square/5fffb30b3194c340097683.webp
GALAXY,galaxy-ben-tre,Galaxy Sense City Bến Tre,"Lầu 1 TTTM Sense City, 26A Trần Quốc Tuấn, P.4, Tp. Bến Tre",BEN_TRE,Bến Tre,,,,,Asia/Ho_Chi_Minh,true,https://moveek.com/rap/galaxy-ben-tre,https://maps.google.com/?q=Galaxy%20Sense%20City%20B%E1%BA%BFn%20Tre,https://cdn.moveek.com/storage/media/cache/square/5fffb30b3194c340097683.webp
GALAXY,galaxy-cineo-go-ben-tre,Galaxy CineO GO! Bến Tre,"Tầng 2, TTTM GO! Bến Tre, khu phố 1, đường Võ Nguyên Giáp, phường Sơn Đông, tỉnh Vĩnh Long",BEN_TRE,Bến Tre,,,,,Asia/Ho_Chi_Minh,true,https://moveek.com/rap/galaxy-cineo-go-ben-tre,https://maps.google.com/?q=Galaxy%20CineO%20GO!%20B%E1%BA%BFn%20Tre,https://cdn.moveek.com/storage/media/cache/square/5fffb30b3194c340097683.webp
GALAXY,galaxy-mipec-long-bien,Galaxy MIPEC Long Biên,"Tầng 6, Mipec Riverside, Số 2, Phố Long Biên 2, P. Ngọc Lâm, Q. Long Biên, Tp. Hà Nội",HN,Hà Nội,Quận Long Biên,,,,Asia/Ho_Chi_Minh,true,https://moveek.com/rap/galaxy-mipec-long-bien,https://maps.google.com/?q=Galaxy%20MIPEC%20Long%20Bi%C3%AAn,https://cdn.moveek.com/storage/media/cache/square/5fffb30b3194c340097683.webp
GALAXY,galaxy-cinex-hanoi-centre,Galaxy CineX - Hanoi Centre,"Tầng 3, tòa Nam, Trung tâm thương mại Hanoi Centre (Tiến Bộ plaza) – Số 175 Nguyễn Thái Học, phường Ô Chợ Dừa, Hà Nội",HN,Hà Nội,,,,,Asia/Ho_Chi_Minh,true,https://moveek.com/rap/galaxy-cinex-hanoi-centre,https://maps.google.com/?q=Galaxy%20CineX%20-%20Hanoi%20Centre,https://cdn.moveek.com/storage/media/cache/square/5fffb30b3194c340097683.webp
GALAXY,galaxy-da-nang,Galaxy Đà Nẵng,"Tầng 3 Coop Mart, 478 Điện Biên Phủ, Quận Thanh Khê, Đà Nẵng",DN,Đà Nẵng,Quận Thanh Khê,,,,Asia/Ho_Chi_Minh,true,https://moveek.com/rap/galaxy-da-nang,https://maps.google.com/?q=Galaxy%20%C4%90%C3%A0%20N%E1%BA%B5ng,https://cdn.moveek.com/storage/media/cache/square/5fffb30b3194c340097683.webp
GALAXY,galaxy-cinex-aeon-mall-thanh-khe,Galaxy CineX AEON Mall Thanh Khê,"Tầng 4, TTTM Aeon Mall Thanh Khê — 46 Điện Biên Phủ, Thanh Khê, Đà Nẵng",DN,Đà Nẵng,,,,,Asia/Ho_Chi_Minh,true,https://moveek.com/rap/galaxy-cinex-aeon-mall-thanh-khe,https://maps.google.com/?q=Galaxy%20CineX%20AEON%20Mall%20Thanh%20Kh%C3%AA,https://cdn.moveek.com/storage/media/cache/square/5fffb30b3194c340097683.webp
GALAXY,galaxy-vinh,Galaxy Vinh,"Lầu 5 Trung tâm HUB – số 1 Lê Hồng Phong, Tp. Vinh",NGHE_AN,Nghệ An,,,,,Asia/Ho_Chi_Minh,true,https://moveek.com/rap/galaxy-vinh,https://maps.google.com/?q=Galaxy%20Vinh,https://cdn.moveek.com/storage/media/cache/square/5fffb30b3194c340097683.webp
GALAXY,galaxy-cine-vincom-plaza-vinh,Galaxy Cine+ Vincom Plaza Vinh,"Tầng 05, TTTM Vincom Plaza Vinh​, Đường Quang Trung, Thành phố Vinh, Tỉnh Nghệ An",NGHE_AN,Nghệ An,,,,,Asia/Ho_Chi_Minh,true,https://moveek.com/rap/galaxy-cine-vincom-plaza-vinh,https://maps.google.com/?q=Galaxy%20Cine+%20Vincom%20Plaza%20Vinh,https://cdn.moveek.com/storage/media/cache/square/5fffb30b3194c340097683.webp
GALAXY,galaxy-gold-coast-nha-trang,Galaxy Cine+ Gold Coast Nha Trang,"TTTM Gold Coast Nha Trang - 01 Trần Hưng Đạo, Phường Lộc Thọ, TP Nha Trang, Khánh Hòa",KHANH_HOA,Khánh Hòa,,,,,Asia/Ho_Chi_Minh,true,https://moveek.com/rap/galaxy-gold-coast-nha-trang,https://maps.google.com/?q=Galaxy%20Cine+%20Gold%20Coast%20Nha%20Trang,https://cdn.moveek.com/storage/media/cache/square/5fffb30b3194c340097683.webp
GALAXY,galaxy-nha-trang-center,Galaxy Nha Trang Center,"Tầng 3, Trung Tâm Thương Mại Nha Trang Center - 20 Trần Phú, Nha Trang, Khánh Hòa",KHANH_HOA,Khánh Hòa,,,,,Asia/Ho_Chi_Minh,true,https://moveek.com/rap/galaxy-nha-trang-center,https://maps.google.com/?q=Galaxy%20Nha%20Trang%20Center,https://cdn.moveek.com/storage/media/cache/square/5fffb30b3194c340097683.webp
GALAXY,galaxy-ca-mau,Galaxy Cà Mau,"Lầu 2 TTTM Sense City, số 09 Trần Hưng Đạo, P.5, Tp. Cà Mau",CA_MAU,Cà Mau,,,,,Asia/Ho_Chi_Minh,true,https://moveek.com/rap/galaxy-ca-mau,https://maps.google.com/?q=Galaxy%20C%C3%A0%20Mau,https://cdn.moveek.com/storage/media/cache/square/5fffb30b3194c340097683.webp
GALAXY,galaxy-aeon-tan-an,Galaxy Aeon Tân An,"Tầng 02, TTTM AEON Tân An​. Số 84 Tuyến tránh Quốc lộ 1, Khu phố Bình Cư 3, Phường Long An, Tỉnh Tây Ninh",LONG_AN,Long An,,,,,Asia/Ho_Chi_Minh,true,https://moveek.com/rap/galaxy-aeon-tan-an,https://maps.google.com/?q=Galaxy%20Aeon%20T%C3%A2n%20An,https://cdn.moveek.com/storage/media/cache/square/5fffb30b3194c340097683.webp
GALAXY,galaxy-hai-phong,Galaxy Hải Phòng,"104 Lương Khánh Thiện, TTTM Nguyễn Kim – Sài Gòn Mall",HP,Hải Phòng,,,,,Asia/Ho_Chi_Minh,true,https://moveek.com/rap/galaxy-hai-phong,https://maps.google.com/?q=Galaxy%20H%E1%BA%A3i%20Ph%C3%B2ng,https://cdn.moveek.com/storage/media/cache/square/5fffb30b3194c340097683.webp
GALAXY,galaxy-buon-ma-thuot,Galaxy Buôn Ma Thuột,"Tầng trệt Siêu Thị CoopMart, 71 Nguyễn Tất Thành, P. Tân An, Tp. Buôn Ma Thuột, Đak Lak",DAK_LAK,Đắk Lắk,,,,,Asia/Ho_Chi_Minh,true,https://moveek.com/rap/galaxy-buon-ma-thuot,https://maps.google.com/?q=Galaxy%20Bu%C3%B4n%20Ma%20Thu%E1%BB%99t,https://cdn.moveek.com/storage/media/cache/square/5fffb30b3194c340097683.webp
GALAXY,galaxy-long-xuyen,Galaxy Long Xuyên,"Tầng 1, Trung Tâm Mua Sắm Nguyễn Kim, số 01 Trần Hưng Đạo, P. Mỹ Bình, Tp. Long Xuyên",AN_GIANG,An Giang,,,,,Asia/Ho_Chi_Minh,true,https://moveek.com/rap/galaxy-long-xuyen,https://maps.google.com/?q=Galaxy%20Long%20Xuy%C3%AAn,https://cdn.moveek.com/storage/media/cache/square/5fffb30b3194c340097683.webp
GALAXY,galaxy-aeon-hue,Galaxy Aeon Huế,"Tầng 4 TTTM Aeon Mall Huế, Cửa số 5 và số 6, Sảnh Đỗ Quyên, ​8 Võ Nguyên Giáp, An Đông, Huế, Thừa Thiên - Huế",HUE,Thừa Thiên - Huế,,,,,Asia/Ho_Chi_Minh,true,https://moveek.com/rap/galaxy-aeon-hue,https://maps.google.com/?q=Galaxy%20Aeon%20Hu%E1%BA%BF,https://cdn.moveek.com/storage/media/cache/square/5fffb30b3194c340097683.webp
GALAXY,galaxy-go-mall-ba-ria,Galaxy GO! Mall Bà Rịa,"Tầng 3 TTTM GO! Bà Rịa, Số 2A đường Nguyễn Đình Chiểu, KP1, P. Phước Hiệp, TP. Bà Rịa, Tỉnh Bà Rịa-Vũng Tàu",VUNG_TAU,Bà Rịa - Vũng Tàu,,,,,Asia/Ho_Chi_Minh,true,https://moveek.com/rap/galaxy-go-mall-ba-ria,https://maps.google.com/?q=Galaxy%20GO!%20Mall%20B%C3%A0%20R%E1%BB%8Ba,https://cdn.moveek.com/storage/media/cache/square/5fffb30b3194c340097683.webp
GALAXY,galaxy-nguyen-trai,Galaxy Nguyễn Trãi,"230 Nguyễn Trãi, Q.1, Tp. Hồ Chí Minh",HCM,Hồ Chí Minh,Quận 1,,,,Asia/Ho_Chi_Minh,false,https://moveek.com/rap/galaxy-nguyen-trai,https://maps.google.com/?q=Galaxy%20Nguy%E1%BB%85n%20Tr%C3%A3i,https://cdn.moveek.com/storage/media/cache/square/5fffb30b3194c340097683.webp
GALAXY,galaxy-pham-van-chi,Galaxy Phạm Văn Chí,"Platinum Plaza, 634 Bis Phạm Văn Chí, Phường 8, Quận 6 Tp. Hồ Chí Minh",HCM,Hồ Chí Minh,Quận 6 Tp. Hồ Chí Minh,,,,Asia/Ho_Chi_Minh,false,https://moveek.com/rap/galaxy-pham-van-chi,https://maps.google.com/?q=Galaxy%20Ph%E1%BA%A1m%20V%C4%83n%20Ch%C3%AD,https://cdn.moveek.com/storage/media/cache/square/5fffb30b3194c340097683.webp
GALAXY,galaxy-trang-thi,Galaxy Tràng Thi,"Nguyễn Kim Tràng Thi, 10B Tràng Thi, Hàng Trống, Hoàn Kiếm, Hà Nội",HN,Hà Nội,,,,,Asia/Ho_Chi_Minh,false,https://moveek.com/rap/galaxy-trang-thi,https://maps.google.com/?q=Galaxy%20Tr%C3%A0ng%20Thi,https://cdn.moveek.com/storage/media/cache/square/5fffb30b3194c340097683.webp