title,imageUrl,linkUrl,startsAt,endsAt,sortOrder,isActive,mediaYearHint
Voucher ShopeePay Giảm Đến 50K Dành Tặng Các Stars!,https://cdn.galaxycine.vn/media/2026/8/30/shopee-x-galaxy-cinema-6_1788065628219.jpg,https://www.galaxycine.vn/khuyen-mai/voucher-giam-khung-danh-tang-cac-stars,2026-10-01,2026-10-31,0,true,2026
Mua 1 Tặng 1 Bắp Nước Tại Galaxy CineO Coop Quang Trung,https://cdn.galaxycine.vn/media/2026/10/1/galaxy-cineo-quang-trung-mua-1-tang-1-4_1790831274345.jpg,https://www.galaxycine.vn/khuyen-mai/mua-1-tang-1-bap-nuoc-tai-galaxy-cineo-coop-quang-trung,2026-10-02,2026-10-31,1,true,2026
Ưu Đãi Độc Quyền Chỉ Có Tại Galaxy CineO GO! An Lạc,https://cdn.galaxycine.vn/media/2026/9/25/galaxy-cineo-go-an-lac--5_1790313346474.jpg,https://www.galaxycine.vn/khuyen-mai/uu-dai-doc-quyen-chi-co-tai-galaxy-cineo-go-an-lac,,,2,true,2026
MoMo Hoàn 2% Mỗi Thứ 3-4-5,https://cdn.galaxycine.vn/media/2026/5/11/momo-3_1778484342028.jpg,https://www.galaxycine.vn/khuyen-mai/momo-hoan-2-moi-thu-3-4-5,,,3,true,2026
Ngày Tri Ân Của Galaxy Cinema - Ngày Thứ Hai ĐẦU TIÊN Mỗi Tháng,https://cdn.galaxycine.vn/media/2026/10/2/750_1790934036810.jpg,https://www.galaxycine.vn/khuyen-mai/ngay-tri-an-cua-galaxy-cinema---ngay-thu-hai-dau-tien-moi-thang/,,,4,true,2026
"Galaxy CineX - Hanoi Centre: Mãn Nhãn Với Không Gian, ""Mãn Vị"" Với Menu Tiệc Khai Trương Đẳng Cấp!",https://cdn.galaxycine.vn/media/2026/3/26/galaxy-cinex---hanoi-centre-1_1774496927993.jpg,https://www.galaxycine.vn/khuyen-mai/galaxy-cinex---hanoi-centre-man-nhan-voi-khong-gian-man-vi-voi-menu-tiec-khai-truong-dang-cap/,,,5,true,2026
PHIM,https://cdn.galaxycine.vn/media/2026/4/24/bat-song-vi-ngot-ovaltine-2_1777025442816.jpg,https://www.galaxycine.vn/khuyen-mai/tin-do-so-co-la-bat-song-vi-ngot-ovaltine-nang-tam-trai-nghiem-xem-phim-tai-galaxy/,,,7,true,2026
Mua 1 Tặng 1 Bắp Nước Tại Galaxy CineO Coop Quang Trung,https://cdn.galaxycine.vn/media/2026/10/1/galaxy-cineo-quang-trung-mua-1-tang-1-4_1790830628302.jpg,https://www.galaxycine.vn/khuyen-mai/mua-1-tang-1-bap-nuoc-tai-galaxy-cineo-coop-quang-trung/,2026-10-02,2026-10-31,8,true,2026
PHIM,https://cdn.galaxycine.vn/media/2026/9/25/galaxy-cineo-go-an-lac--5_1790312391768.jpg,https://www.galaxycine.vn/khuyen-mai/uu-dai-doc-quyen-chi-co-tai-galaxy-cineo-go-an-lac/,,,9,true,2026
PHIM,https://cdn.galaxycine.vn/media/2026/8/10/bap-com-galaxy-cinema-5_1786347376298.jpg,https://www.galaxycine.vn/khuyen-mai/bap-ngot-vi-com--huong-vi-mua-thu-ha-noi-giua-long-rap-chieu/,,,10,true,2026
Voucher ShopeePay Giảm Đến 50K Dành Tặng Các Stars!,https://cdn.galaxycine.vn/media/2026/8/30/shopee-x-galaxy-cinema-6_1788051785481.jpg,https://www.galaxycine.vn/khuyen-mai/voucher-giam-khung-danh-tang-cac-stars/,2026-10-01,2026-10-31,11,true,2026
Happy Day - Vé Chỉ Từ 45K,https://cdn.galaxycine.vn/media/2026/1/12/750_1768184255674.jpg,https://www.galaxycine.vn/khuyen-mai/happy-day---ve-chi-tu-45k/,,,12,true,2026