code,name,type,cinemaCount
HN,Hà Nội,CITY,0
HCM,Thành phố Hồ Chí Minh,CITY,0
HP,Hải Phòng,CITY,0
DN,Đà Nẵng,CITY,0
CT,Cần Thơ,CITY,0
HUE,Huế,CITY,0
TUYEN_QUANG,Tuyên Quang,PROVINCE,0
LAO_CAI,Lào Cai,PROVINCE,0
THAI_NGUYEN,Thái Nguyên,PROVINCE,0
PHU_THO,Phú Thọ,PROVINCE,0
BAC_NINH,Bắc Ninh,PROVINCE,0
HUNG_YEN,Hưng Yên,PROVINCE,0
NINH_BINH,Ninh Bình,PROVINCE,0
QUANG_NINH,Quảng Ninh,PROVINCE,0
CAO_BANG,Cao Bằng,PROVINCE,0
LANG_SON,Lạng Sơn,PROVINCE,0
LAI_CHAU,Lai Châu,PROVINCE,0
DIEN_BIEN,Điện Biên,PROVINCE,0
SON_LA,Sơn La,PROVINCE,0
THANH_HOA,Thanh Hóa,PROVINCE,0
NGHE_AN,Nghệ An,PROVINCE,0
HA_TINH,Hà Tĩnh,PROVINCE,0
QUANG_TRI,Quảng Trị,PROVINCE,0
QUANG_NGAI,Quảng Ngãi,PROVINCE,0
GIA_LAI,Gia Lai,PROVINCE,0
KHANH_HOA,Khánh Hòa,PROVINCE,0
LAM_DONG,Lâm Đồng,PROVINCE,0
DAK_LAK,Đắk Lắk,PROVINCE,0
DONG_NAI,Đồng Nai,PROVINCE,0
TAY_NINH,Tây Ninh,PROVINCE,0
VINH_LONG,Vĩnh Long,PROVINCE,0
DONG_THAP,Đồng Tháp,PROVINCE,0
CA_MAU,Cà Mau,PROVINCE,0
AN_GIANG,An Giang,PROVINCE,0