url,slug,title,release_date,release_year,poster_year_hint,status,genre,duration,country,producer,director,cast,score,votes,age_rating,language,description,description_paragraphs,description_meta,poster,trailer,scraped_at
https://www.galaxycine.vn/dat-ve/henrys-first-date/,henrys-first-date,Quyết Cua Anh Này,2026-09-24,2026,2026,dang-chieu|sap-chieu|imax|trang-chu,Lãng Mạn; Hài,,Thái Lan,GDH,Mez Tharatorn,Nadech Kugimiya; Minnie Nicha,8.6,21,,,"Henry's First Date/ Quyết Cua Anh Này kể về tình yêu của một chàng trai tốt bụng nhưng mắc bệnh mất trí nhớ.
Một bộ phim gia đình lãng mạn & hài hước. Henry là một anh chàng tốt bụng, yêu động vật nhưng mắc một căn bệnh kỳ lạ: cứ mỗi sáng thức dậy, anh lại chẳng nhớ gì về những chuyện đã xảy ra ngày hôm trước. Hãy cùng đón xem câu chuyện Lucy làm quen Henry lại mỗi ngày và cùng hồi hộp chờ xem liệu Henry có thể nhớ ra Lucy hay không nhé
Phim mới Henry's First Date/ Quyết Cua Anh Này suất chiếu sớm 01.10 (không áp dụng Movie voucher), dự kiến khởi chiếu 02.10.2026 tại các rạp chiếu phim toàn quốc.","Henry's First Date/ Quyết Cua Anh Này kể về tình yêu của một chàng trai tốt bụng nhưng mắc bệnh mất trí nhớ.; Một bộ phim gia đình lãng mạn & hài hước. Henry là một anh chàng tốt bụng, yêu động vật nhưng mắc một căn bệnh kỳ lạ: cứ mỗi sáng thức dậy, anh lại chẳng nhớ gì về những chuyện đã xảy ra ngày hôm trước. Hãy cùng đón xem câu chuyện Lucy làm quen Henry lại mỗi ngày và cùng hồi hộp chờ xem liệu Henry có thể nhớ ra Lucy hay không nhé; Phim mới Henry's First Date/ Quyết Cua Anh Này suất chiếu sớm 01.10 (không áp dụng Movie voucher), dự kiến khởi chiếu 02.10.2026 tại các rạp chiếu phim toàn quốc.",Henry's First Date/ Quyết Cua Anh Này kể về tình yêu của một chàng trai tốt bụng nhưng mắc bệnh mất trí nhớ.,https://cdn.galaxycine.vn/media/2026/9/24/henrys-first-date-3_1790238069173.jpg,,2026-10-05T11:27:59.013Z
https://www.galaxycine.vn/dat-ve/resident-evil/,resident-evil,Vùng Đất Quỷ Dữ,2026-09-24,2026,2026,dang-chieu|sap-chieu|imax|trang-chu,Hành Động; Kinh Dị,,Mỹ,"Capcom Company,; Columbia Pictures",Zach Cregger,Austin Abrams; Paul Walter Hauser; Zach Cherry,8.6,105,,,"Một phiên bản Resident Evil mới trở lại đầy kịch tính và kinh hoàng từ bộ óc quái kiệt của đạo diễn Zach Cregger đứng sau “Weapons” & “Barbarian”. Với cốt truyện hoàn toàn mới, phim xoay quanh Bryan (Austin Abrams), một nhân viên vận chuyển vật tư y tế vô tình bị cuốn vào cuộc chạy đua sinh tồn nghẹt thở và dồn dập trong một đêm định mệnh. Liên tiếp chuyện kinh hoàng bất ngờ đẩy anh vào giữa vòng xoáy hỗn loạn.
Phim mới Resident Evil/ Vùng Đất Quỷ Dữ suất chiếu sớm 16-17.09 (không áp dụng Movie voucher), khởi chiếu 18.09.2026 tại các rạp chiếu phim toàn quốc.","Một phiên bản Resident Evil mới trở lại đầy kịch tính và kinh hoàng từ bộ óc quái kiệt của đạo diễn Zach Cregger đứng sau “Weapons” & “Barbarian”. Với cốt truyện hoàn toàn mới, phim xoay quanh Bryan (Austin Abrams), một nhân viên vận chuyển vật tư y tế vô tình bị cuốn vào cuộc chạy đua sinh tồn nghẹt thở và dồn dập trong một đêm định mệnh. Liên tiếp chuyện kinh hoàng bất ngờ đẩy anh vào giữa vòng xoáy hỗn loạn.; Phim mới Resident Evil/ Vùng Đất Quỷ Dữ suất chiếu sớm 16-17.09 (không áp dụng Movie voucher), khởi chiếu 18.09.2026 tại các rạp chiếu phim toàn quốc.",Một phiên bản Resident Evil mới trở lại đầy kịch tính và kinh hoàng từ bộ óc quái kiệt của đạo diễn Zach Cregger đứng sau “Weapons” & “Barbarian”.,https://cdn.galaxycine.vn/media/2026/9/3/resident-evil-627_1788407589602.jpg,,2026-10-05T11:29:21.762Z
https://www.galaxycine.vn/dat-ve/supergirl/,supergirl,Supergirl,2026-09-24,2026,2026,sap-chieu,Hành Động; Giả Tưởng,,Mỹ,Warner Bros,Craig Gillespie,Milly Alcock; Matthias Schoenaerts; Eve Ridley; Jason Momoa,8.5,52,,,"Supergirl – bom tấn mới nhất từ DC Studios – sẽ chính thức đổ bộ các rạp chiếu toàn cầu vào mùa hè này, với Milly Alcock đảm nhận vai kép Supergirl/Kara Zor-El. Khi một kẻ thù bất ngờ và tàn nhẫn giáng đòn ngay tại nơi cô gọi là nhà, Kara Zor-El – hay còn được biết đến với cái tên Supergirl – buộc phải bắt tay với một đồng minh không ai ngờ tới, bắt đầu chuyến hành trình xuyên dải ngân hà đầy sử thi, nơi vừa là cuộc trả thù, vừa là hành trình đi tìm công lý.
Phim mới Supergirl suất chiếu sớm 24-25.06 (không áp dụng Movie voucher), dự kiến khởi chiếu 26.06.2026 tại các rạp chiếu phim toàn quốc.
Hình Ảnh Trong Phim
PHIM ĐANG CHIẾU
Mua vé
9.2
Always Lalisa
Mua vé
8.6
T13
Quyết Cua Anh Này
Mua vé
9.3
T18
Trại Buôn Người
Xem thêm
GIỚI THIỆU
Về Chúng Tôi
Thoả Thuận Sử Dụng
Quy Chế Hoạt Động
Chính Sách Bảo Mật
GÓC ĐIỆN ẢNH
Thể Loại Phim
Bình Luận Phim
Blog Điện Ảnh
Phim Hay Tháng
Phim IMAX
HỖ TRỢ
Góp Ý
Sale & Services
Rạp / Giá Vé
Tuyển Dụng
FAQ
CÔNG TY CỔ PHẦN PHIM THIÊN NGÂN
MST: 0101595681
3/9 Võ Văn Tần, Phường Xuân Hòa, Thành phố Hồ Chí Minh, Việt Nam
: 028.39.333.303 - : 19002224 (9:00 - 22:00) - : hotro@galaxystudio.vn
C
h
ờ
x
í
u
n
h
e
.
.
.","Supergirl – bom tấn mới nhất từ DC Studios – sẽ chính thức đổ bộ các rạp chiếu toàn cầu vào mùa hè này, với Milly Alcock đảm nhận vai kép Supergirl/Kara Zor-El. Khi một kẻ thù bất ngờ và tàn nhẫn giáng đòn ngay tại nơi cô gọi là nhà, Kara Zor-El – hay còn được biết đến với cái tên Supergirl – buộc phải bắt tay với một đồng minh không ai ngờ tới, bắt đầu chuyến hành trình xuyên dải ngân hà đầy sử thi, nơi vừa là cuộc trả thù, vừa là hành trình đi tìm công lý.; Phim mới Supergirl suất chiếu sớm 24-25.06 (không áp dụng Movie voucher), dự kiến khởi chiếu 26.06.2026 tại các rạp chiếu phim toàn quốc.; Hình Ảnh Trong Phim; PHIM ĐANG CHIẾU; Mua vé; 9.2; Always Lalisa; Mua vé; 8.6; T13; Quyết Cua Anh Này; Mua vé; 9.3; T18; Trại Buôn Người; Xem thêm; GIỚI THIỆU; Về Chúng Tôi; Thoả Thuận Sử Dụng; Quy Chế Hoạt Động; Chính Sách Bảo Mật; GÓC ĐIỆN ẢNH; Thể Loại Phim; Bình Luận Phim; Blog Điện Ảnh; Phim Hay Tháng; Phim IMAX; HỖ TRỢ; Góp Ý; Sale & Services; Rạp / Giá Vé; Tuyển Dụng; FAQ; CÔNG TY CỔ PHẦN PHIM THIÊN NGÂN; MST: 0101595681; 3/9 Võ Văn Tần, Phường Xuân Hòa, Thành phố Hồ Chí Minh, Việt Nam; : 028.39.333.303 - : 19002224 (9:00 - 22:00) - : hotro@galaxystudio.vn; C; h; ờ; x; í; u; n; h; e; .; .; .","Khi một kẻ thù bất ngờ và tàn nhẫn giáng đòn ngay tại nơi cô gọi là nhà, Kara Zor-El – hay còn được biết đến với cái tên Supergirl – buộc phải bắt tay với một đồng minh không ai ngờ tới...",https://cdn.galaxycine.vn/media/2026/6/19/supergirl_1781878895630.jpg,,2026-10-05T11:30:36.578Z
https://www.galaxycine.vn/dat-ve/trai-buon-nguoi/,trai-buon-nguoi,PHIM,2026-10-12,2026,2026,dang-chieu|sap-chieu|imax|trang-chu,,,,,,,,,,,"Vì cứu em gái sa bẫy buôn người ở biên giới miền Tây, Ny (Steven Nguyễn) cùng bạn thân bị bắt làm nô dịch trong sào huyệt lừa đảo tàn bạo.",,"Vì cứu em gái sa bẫy buôn người ở biên giới miền Tây, Ny (Steven Nguyễn) cùng bạn thân bị bắt làm nô dịch trong sào huyệt lừa đảo tàn bạo.",https://cdn.galaxycine.vn/media/2026/9/18/1200-trai-buon-nguoi_1789697712013.jpg,,2026-10-05T11:28:10.672Z
https://www.galaxycine.vn/dat-ve/than-su-chung-quy-linh-gioi-dai-chien/,than-su-chung-quy-linh-gioi-dai-chien,PHIM,2026-10-12,2026,2026,dang-chieu|sap-chieu|imax|trang-chu,,,,,,,,,,,"Suốt nhiều thế hệ, gia tộc Chung Quỳ luôn giữ gìn hòa bình giữa loài người và yêu quái. Sau khi được vị thợ săn yêu huyền thoại cứu mạng và đưa xuống âm giới, cô gái phàm trần Sơ Cửu gặp gỡ những người bạn kỳ lạ...",,"Suốt nhiều thế hệ, gia tộc Chung Quỳ luôn giữ gìn hòa bình giữa loài người và yêu quái. Sau khi được vị thợ săn yêu huyền thoại cứu mạng và đưa xuống âm giới, cô gái phàm trần Sơ Cửu gặp gỡ những người bạn kỳ lạ...",https://cdn.galaxycine.vn/media/2026/9/23/than-su-chung-qu_1790154339949.jpg,,2026-10-05T11:28:18.202Z
https://www.galaxycine.vn/dat-ve/scotty/,scotty,Scotty: Giải Cứu Hoàng Thượng,2026-10-12,2026,2026,dang-chieu|sap-chieu|imax|trang-chu,Hoạt Hình; Phiêu Lưu,,Đức,Benar Animation Studio,Mohammad Pirzadi,Đang cập nhật,7.6,5,,,"Scotty - một chú mèo hoang vốn quen sống trong lãnh địa của mình bất ngờ bị kéo vào cuộc phiêu lưu bất đắc dĩ cùng Katie, một cô mèo nhà. Đến từ hai thế giới khác biệt, Boss hạng sang và Mèo hạng xoàng học cách cùng nhau vượt qua muôn vàn hiểm nguy. Sau hành trình ấy, cả hai dần gắn kết và hiểu được ý nghĩa thật sự của nơi gọi là nhà.
Phim mới Scotty/ Scotty: Giải Cứu Hoàng Thượng dự kiến khởi chiếu 02.10.2026 tại các rạp chiếu phim toàn quốc.","Scotty - một chú mèo hoang vốn quen sống trong lãnh địa của mình bất ngờ bị kéo vào cuộc phiêu lưu bất đắc dĩ cùng Katie, một cô mèo nhà. Đến từ hai thế giới khác biệt, Boss hạng sang và Mèo hạng xoàng học cách cùng nhau vượt qua muôn vàn hiểm nguy. Sau hành trình ấy, cả hai dần gắn kết và hiểu được ý nghĩa thật sự của nơi gọi là nhà.; Phim mới Scotty/ Scotty: Giải Cứu Hoàng Thượng dự kiến khởi chiếu 02.10.2026 tại các rạp chiếu phim toàn quốc.","Scotty - một chú mèo hoang vốn quen sống trong lãnh địa của mình bất ngờ bị kéo vào cuộc phiêu lưu bất đắc dĩ cùng Katie, một cô mèo nhà. Đến từ hai thế giới khác biệt, Boss hạng sang và Mèo hạng xoàng học cách cùng nhau vượt qua muôn vàn hiểm nguy. Sau hành trình ấy, cả hai dần gắn kết và hiểu được ý nghĩa thật sự của nơi gọi là nhà.",https://cdn.galaxycine.vn/media/2026/9/28/scotty-627_1790568406711.jpg,,2026-10-05T11:28:26.226Z
https://www.galaxycine.vn/dat-ve/always-lalisa/,always-lalisa,Always Lalisa,2026-10-12,2026,2026,dang-chieu|sap-chieu|imax|trang-chu,Tài Liệu,,Thái Lan,Lloud Co.,Sue Kim,Lisa (Lalisa Manobal),9.2,61,,,"Đằng sau ánh hào quang của một siêu sao toàn cầu là hành trình đi tìm chính mình.
Always Lalisa đưa khán giả bước vào một năm đặc biệt trong cuộc đời LISA – khi cô tạm rời Blackpink để lần đầu tiên thực sự bước đi trên con đường solo, đối diện với những câu hỏi chưa từng có lời giải: Nếu không có Blackpink, LISA là ai? Và cô muốn trở thành ai?
Từ những khoảnh khắc trong phòng thu khi cô tạo nên album solo đầu tay Alter Ego, đến bước ngoặt diễn xuất trong The White Lotus và màn trình diễn solo tại Coachella 2025, bộ phim hé lộ hành trình phía sau những sân khấu rực rỡ – nơi LISA phải đối mặt với áp lực, sự kỳ vọng và ánh nhìn không ngừng của thế giới.
Sinh ra tại Thái Lan, rời quê nhà từ năm 14 tuổi để theo đuổi giấc mơ K-pop tại Hàn Quốc, LISA đã đi một chặng đường dài để trở thành biểu tượng toàn cầu. Nhưng khi tự mình bước ra khỏi vùng an toàn, cô phải học cách viết lại câu chuyện của chính mình – bằng âm nhạc, bằng những lựa chọn táo bạo và bằng chính con người thật của mình.
Chân thành. Riêng tư. Đầy cảm hứng.
Always Lalisa là một hành trình chưa từng được kể trọn vẹn về LISA – người nghệ sĩ, người phụ nữ và con người phía sau cái tên đã được cả thế giới biết đến. Một năm của những thử thách, những lần vượt qua giới hạn và những khoảnh khắc khám phá bản thân, khi LISA không chỉ mở ra chương mới của sự nghiệp, mà còn tìm thấy phiên bản của chính mình mà cô muốn trở thành.
Lần đầu tiên, hãy nhìn LISA theo một cách hoàn toàn khác.","Đằng sau ánh hào quang của một siêu sao toàn cầu là hành trình đi tìm chính mình.; Always Lalisa đưa khán giả bước vào một năm đặc biệt trong cuộc đời LISA – khi cô tạm rời Blackpink để lần đầu tiên thực sự bước đi trên con đường solo, đối diện với những câu hỏi chưa từng có lời giải: Nếu không có Blackpink, LISA là ai? Và cô muốn trở thành ai?; Từ những khoảnh khắc trong phòng thu khi cô tạo nên album solo đầu tay Alter Ego, đến bước ngoặt diễn xuất trong The White Lotus và màn trình diễn solo tại Coachella 2025, bộ phim hé lộ hành trình phía sau những sân khấu rực rỡ – nơi LISA phải đối mặt với áp lực, sự kỳ vọng và ánh nhìn không ngừng của thế giới.; Sinh ra tại Thái Lan, rời quê nhà từ năm 14 tuổi để theo đuổi giấc mơ K-pop tại Hàn Quốc, LISA đã đi một chặng đường dài để trở thành biểu tượng toàn cầu. Nhưng khi tự mình bước ra khỏi vùng an toàn, cô phải học cách viết lại câu chuyện của chính mình – bằng âm nhạc, bằng những lựa chọn táo bạo và bằng chính con người thật của mình.; Chân thành. Riêng tư. Đầy cảm hứng.; Always Lalisa là một hành trình chưa từng được kể trọn vẹn về LISA – người nghệ sĩ, người phụ nữ và con người phía sau cái tên đã được cả thế giới biết đến. Một năm của những thử thách, những lần vượt qua giới hạn và những khoảnh khắc khám phá bản thân, khi LISA không chỉ mở ra chương mới của sự nghiệp, mà còn tìm thấy phiên bản của chính mình mà cô muốn trở thành.; Lần đầu tiên, hãy nhìn LISA theo một cách hoàn toàn khác.",Always Lalisa đưa khán giả bước vào một năm đặc biệt trong cuộc đời LISA – khi cô tạm rời Blackpink để lần đầu tiên thực sự bước đi trên con đường solo,https://cdn.galaxycine.vn/media/2026/9/16/always-lalisa-1_1789551952088.jpg,,2026-10-05T11:28:34.923Z
https://www.galaxycine.vn/dat-ve/bts-world-tour-arirang-in-buenos-aires-live-viewing/,bts-world-tour-arirang-in-buenos-aires-live-viewing,PHIM,2026-10-12,2026,2026,dang-chieu|sap-chieu|imax|trang-chu,,,,,,,,,,,"Trải nghiệm BTS WORLD TOUR 'ARIRANG' trên màn ảnh rộng tại các rạp chiếu phim trên toàn thế giới, với điểm cầu được truyền trực tiếp từ Buenos Aires, Argentina!",,"Trải nghiệm BTS WORLD TOUR 'ARIRANG' trên màn ảnh rộng tại các rạp chiếu phim trên toàn thế giới, với điểm cầu được truyền trực tiếp từ Buenos Aires, Argentina!",https://cdn.galaxycine.vn/media/2026/10/1/bts-world-tour-arirang-in-buenos-aires-live-viewing-4_1790858132675.jpg,,2026-10-05T11:28:43.201Z
https://www.galaxycine.vn/dat-ve/bts-world-tour-arirang-in-sao-paulo-live-viewing/,bts-world-tour-arirang-in-sao-paulo-live-viewing,BTS World Tour 'Arirang' In São Paulo: Live Viewing,2026-10-12,2026,2026,dang-chieu|sap-chieu|imax|trang-chu,Ca Nhạc,,Hàn Quốc,Hybe Media Studio,Jungjae HA,Đang cập nhật,9.2,16,,,"TRẢI NGHIỆM BTS WORLD TOUR 'ARIRANG' TẠI RẠP CHIẾU PHIM TRÊN TOÀN CẦU, TRUYỀN HÌNH TRỰC TIẾP TỪ SÃO PAULO, BRAZIL!
THỨ BẢY - NGÀY 31.10.2026
SUẤT 13:45 - TIẾP SÓNG SAU
SUẤT 17:30 - PHÁT LẠI
Đánh dấu chặng cuối hoành tráng của tour diễn tại Mỹ Latinh, đại nhạc hội quy mô chưa từng có này sẽ đưa nguồn năng lượng bùng nổ từ sân vận động chật kín khán giả tại Brazil thẳng lên màn ảnh rộng, để ARMY trên toàn thế giới cùng hòa mình vào khoảnh khắc đặc biệt của BTS.
Lưu ý: Tại một số thị trường, suất chiếu sẽ được phát sóng vào thời gian muộn hơn để phù hợp với múi giờ địa phương.","TRẢI NGHIỆM BTS WORLD TOUR 'ARIRANG' TẠI RẠP CHIẾU PHIM TRÊN TOÀN CẦU, TRUYỀN HÌNH TRỰC TIẾP TỪ SÃO PAULO, BRAZIL!; THỨ BẢY - NGÀY 31.10.2026; SUẤT 13:45 - TIẾP SÓNG SAU; SUẤT 17:30 - PHÁT LẠI; Đánh dấu chặng cuối hoành tráng của tour diễn tại Mỹ Latinh, đại nhạc hội quy mô chưa từng có này sẽ đưa nguồn năng lượng bùng nổ từ sân vận động chật kín khán giả tại Brazil thẳng lên màn ảnh rộng, để ARMY trên toàn thế giới cùng hòa mình vào khoảnh khắc đặc biệt của BTS.; Lưu ý: Tại một số thị trường, suất chiếu sẽ được phát sóng vào thời gian muộn hơn để phù hợp với múi giờ địa phương.","TRẢI NGHIỆM BTS WORLD TOUR 'ARIRANG' TẠI RẠP CHIẾU PHIM TRÊN TOÀN CẦU, TRUYỀN HÌNH TRỰC TIẾP TỪ SÃO PAULO, BRAZIL!",https://cdn.galaxycine.vn/media/2026/10/1/bts-world-tour-arirang-in-sao-paulo-live-viewing-1_1790858875836.jpg,,2026-10-05T11:28:51.750Z
https://www.galaxycine.vn/dat-ve/blue-lock-part-1/,blue-lock-part-1,Blue Lock: Cuộc Chiến Của Những Tiền Đạo,2026-10-12,2026,2026,dang-chieu|sap-chieu|imax|trang-chu,Hành Động; Tâm Lý,,Nhật Bản,CK Works,Taki Yusuke,Miura Ryota; Takahashi Fumiya; Iwanaga Joey,7,6,,,"Theo chân 300 cầu thủ bóng đá trung học tham gia những vòng tuyển chọn khắc nghiệt tại một cơ sở huấn luyện bí mật, nơi chỉ một người duy nhất có thể vươn lên trở thành tiền đạo xuất sắc nhất thế giới, còn những người bị loại sẽ bị cấm thi đấu cho Đội tuyển Quốc gia Nhật Bản.
Bộ truyện tranh bán chạy hàng đầu Blue Lock được chuyển thể thành Live action.
Phim mới Blue Lock: Cuộc Chiến Của Những Tiền Đạo dự kiến khởi chiếu 09.10.2026 tại các rạp chiếu phim toàn quốc.
PHIM ĐANG CHIẾU
Mua vé
9.2
Always Lalisa
Mua vé
8.6
T13
Quyết Cua Anh Này
Mua vé
9.3
T18
Trại Buôn Người
Xem thêm
GIỚI THIỆU
Về Chúng Tôi
Thoả Thuận Sử Dụng
Quy Chế Hoạt Động
Chính Sách Bảo Mật
GÓC ĐIỆN ẢNH
Thể Loại Phim
Bình Luận Phim
Blog Điện Ảnh
Phim Hay Tháng
Phim IMAX
HỖ TRỢ
Góp Ý
Sale & Services
Rạp / Giá Vé
Tuyển Dụng
FAQ
CÔNG TY CỔ PHẦN PHIM THIÊN NGÂN
MST: 0101595681
3/9 Võ Văn Tần, Phường Xuân Hòa, Thành phố Hồ Chí Minh, Việt Nam
: 028.39.333.303 - : 19002224 (9:00 - 22:00) - : hotro@galaxystudio.vn
C
h
ờ
x
í
u
n
h
e
.
.
.","Theo chân 300 cầu thủ bóng đá trung học tham gia những vòng tuyển chọn khắc nghiệt tại một cơ sở huấn luyện bí mật, nơi chỉ một người duy nhất có thể vươn lên trở thành tiền đạo xuất sắc nhất thế giới, còn những người bị loại sẽ bị cấm thi đấu cho Đội tuyển Quốc gia Nhật Bản.; Bộ truyện tranh bán chạy hàng đầu Blue Lock được chuyển thể thành Live action.; Phim mới Blue Lock: Cuộc Chiến Của Những Tiền Đạo dự kiến khởi chiếu 09.10.2026 tại các rạp chiếu phim toàn quốc.; PHIM ĐANG CHIẾU; Mua vé; 9.2; Always Lalisa; Mua vé; 8.6; T13; Quyết Cua Anh Này; Mua vé; 9.3; T18; Trại Buôn Người; Xem thêm; GIỚI THIỆU; Về Chúng Tôi; Thoả Thuận Sử Dụng; Quy Chế Hoạt Động; Chính Sách Bảo Mật; GÓC ĐIỆN ẢNH; Thể Loại Phim; Bình Luận Phim; Blog Điện Ảnh; Phim Hay Tháng; Phim IMAX; HỖ TRỢ; Góp Ý; Sale & Services; Rạp / Giá Vé; Tuyển Dụng; FAQ; CÔNG TY CỔ PHẦN PHIM THIÊN NGÂN; MST: 0101595681; 3/9 Võ Văn Tần, Phường Xuân Hòa, Thành phố Hồ Chí Minh, Việt Nam; : 028.39.333.303 - : 19002224 (9:00 - 22:00) - : hotro@galaxystudio.vn; C; h; ờ; x; í; u; n; h; e; .; .; .",300 cầu thủ bóng đá trung học tham gia tuyển chọn khắc nghiệt. Chỉ một người duy nhất có thể vươn lên trở thành tiền đạo xuất sắc nhất thế giới.,https://cdn.galaxycine.vn/media/2026/9/30/blue-lock_1790741916952.jpg,,2026-10-05T11:29:00.466Z
https://www.galaxycine.vn/dat-ve/avengers-endgame/,avengers-endgame,Avengers: Hồi Kết,2026-10-12,2026,2019,dang-chieu|sap-chieu|imax|trang-chu,Hành Động; Phiêu Lưu; Giả Tưởng,,Mỹ,Walt Disney Studios Motion Pictures,Anthony Russo; Joe Russo,Robert Downey Jr.; Chris Hemsworth; Chris Evans; Scarlett Johansson; Mark Ruffalo; Jeremy Renner; Paul Rudd,9,3576,,,"Cú búng tay của Thanos đã khiến toàn bộ dân số biến mất một nửa. Các siêu anh hùng đánh mất bạn bè, người thân và đánh mất cả chính mình. Bộ sáu Avengers đầu tiên tứ tán. Iron Man kẹt lại ngoài không gian, Hawkeye mất tích. Thor, Captain America, Hulk và Black Widow đều chìm trong nỗi đau vô tận vì mất đi những người thân yêu. Cả nhóm phải tìm cách cứu vãn tình thế.
Siêu phẩm Avengers: Endgame trở lại với phiên bản đặc biệt thêm 4 phút nội dung mới. Bản đặc biệt này còn có định dạng mới Infinity Vision.
Định dạng Infinity Vision trình chiếu tại phòng Dolby Vision+Atmos (Galaxy CineX AEON Mall Thanh Khê) và phòng chiếu 1 & 4 (Galaxy Cinema Trung Chánh).
Avengers: Endgame Encore suất chiếu sớm 24.09 (không áp dung Movie voucher), khởi chiếu 25.09.2026 tại các rạp chiếu phim toàn quốc.","Cú búng tay của Thanos đã khiến toàn bộ dân số biến mất một nửa. Các siêu anh hùng đánh mất bạn bè, người thân và đánh mất cả chính mình. Bộ sáu Avengers đầu tiên tứ tán. Iron Man kẹt lại ngoài không gian, Hawkeye mất tích. Thor, Captain America, Hulk và Black Widow đều chìm trong nỗi đau vô tận vì mất đi những người thân yêu. Cả nhóm phải tìm cách cứu vãn tình thế.; Siêu phẩm Avengers: Endgame trở lại với phiên bản đặc biệt thêm 4 phút nội dung mới. Bản đặc biệt này còn có định dạng mới Infinity Vision.; Định dạng Infinity Vision trình chiếu tại phòng Dolby Vision+Atmos (Galaxy CineX AEON Mall Thanh Khê) và phòng chiếu 1 & 4 (Galaxy Cinema Trung Chánh).; Avengers: Endgame Encore suất chiếu sớm 24.09 (không áp dung Movie voucher), khởi chiếu 25.09.2026 tại các rạp chiếu phim toàn quốc.","Cú búng tay của Thanos đã khiến toàn bộ dân số biến mất một nửa. Các siêu anh hùng đánh mất bạn bè, người thân và cả chính mình. Giờ đây họ phải làm gì?",https://cdn.galaxycine.vn/media/2019/4/1/avengerendgame_1554109943948.jpg,,2026-10-05T11:29:09.637Z
https://www.galaxycine.vn/dat-ve/digger/,digger,Digger,2026-10-12,2026,,dang-chieu|sap-chieu|imax|trang-chu,Hài; Giật Gân,,Mỹ,"Legendary Pictures,; Warner Bros",Alejandro González Iñárritu,Tom Cruise; Jesse Plemons; John Goodman,8.3,43,,,"Digger. Trò cười rung chuyển cả thế giới. Dự kiến khởi chiếu tháng 10.2026.
Phim mới Digger dự kiến khởi chiếu 16.10.2026 tại các rạp chiếu phim toàn quốc.
PHIM ĐANG CHIẾU
Mua vé
9.2
Always Lalisa
Mua vé
8.6
T13
Quyết Cua Anh Này
Mua vé
9.3
T18
Trại Buôn Người
Xem thêm
GIỚI THIỆU
Về Chúng Tôi
Thoả Thuận Sử Dụng
Quy Chế Hoạt Động
Chính Sách Bảo Mật
GÓC ĐIỆN ẢNH
Thể Loại Phim
Bình Luận Phim
Blog Điện Ảnh
Phim Hay Tháng
Phim IMAX
HỖ TRỢ
Góp Ý
Sale & Services
Rạp / Giá Vé
Tuyển Dụng
FAQ
CÔNG TY CỔ PHẦN PHIM THIÊN NGÂN
MST: 0101595681
3/9 Võ Văn Tần, Phường Xuân Hòa, Thành phố Hồ Chí Minh, Việt Nam
: 028.39.333.303 - : 19002224 (9:00 - 22:00) - : hotro@galaxystudio.vn","Digger. Trò cười rung chuyển cả thế giới. Dự kiến khởi chiếu tháng 10.2026.; Phim mới Digger dự kiến khởi chiếu 16.10.2026 tại các rạp chiếu phim toàn quốc.; PHIM ĐANG CHIẾU; Mua vé; 9.2; Always Lalisa; Mua vé; 8.6; T13; Quyết Cua Anh Này; Mua vé; 9.3; T18; Trại Buôn Người; Xem thêm; GIỚI THIỆU; Về Chúng Tôi; Thoả Thuận Sử Dụng; Quy Chế Hoạt Động; Chính Sách Bảo Mật; GÓC ĐIỆN ẢNH; Thể Loại Phim; Bình Luận Phim; Blog Điện Ảnh; Phim Hay Tháng; Phim IMAX; HỖ TRỢ; Góp Ý; Sale & Services; Rạp / Giá Vé; Tuyển Dụng; FAQ; CÔNG TY CỔ PHẦN PHIM THIÊN NGÂN; MST: 0101595681; 3/9 Võ Văn Tần, Phường Xuân Hòa, Thành phố Hồ Chí Minh, Việt Nam; : 028.39.333.303 - : 19002224 (9:00 - 22:00) - : hotro@galaxystudio.vn",Đặt vé phim Digger (2026) hay tại Galaxy Cinema,,,2026-10-05T11:29:30.620Z
https://www.galaxycine.vn/dat-ve/quy-tu-vuot-giau/,quy-tu-vuot-giau,Quý Tử Vượt Giàu,2026-10-12,2026,,dang-chieu,Hài; Gia Đình,,Việt Nam,HK Film,Nguyễn Quang Dũng,Thu Trang; Tiến Luật; Ngô Kiến Huy; Hạo Khang; Ngân Quỳnh,8.2,143,,,"Quý Tử Vượt Giàu xoay quanh gia đình ông Phát, bà Diệp và cậu con trai duy nhất Phú Quý. Để nuôi dạy con cái trưởng thành theo đúng ý mình, vợ chồng Phát - Diệp liên tục gây hoang mang khi tạo ra một cuộc sống lẫn lộn giữa giàu và nghèo, thật và giả. Thế nhưng, khi Phú Quý lớn lên với những lựa chọn khác với kỳ vọng của ba mẹ, hàng loạt tình huống dở khóc dở cười liên tiếp xảy ra, kéo theo những bí mật chưa từng được hé lộ. Ẩn sau màu sắc hài hước là câu chuyện về tình thân, khoảng cách thế hệ và hành trình để ba mẹ lẫn con cái học cách lắng nghe, thấu hiểu nhau.
Phim mới Quý Tử Vượt Giàu có suất chiếu sớm từ 27.08 (không áp dụng movie voucher) và khởi chiếu chính thức 28.08.2026 tại các rạp chiếu phim toàn quốc.
PHIM ĐANG CHIẾU
Mua vé
9.2
Always Lalisa
Mua vé
8.6
T13
Quyết Cua Anh Này
Mua vé
9.3
T18
Trại Buôn Người
Xem thêm
GIỚI THIỆU
Về Chúng Tôi
Thoả Thuận Sử Dụng
Quy Chế Hoạt Động
Chính Sách Bảo Mật
GÓC ĐIỆN ẢNH
Thể Loại Phim
Bình Luận Phim
Blog Điện Ảnh
Phim Hay Tháng
Phim IMAX
HỖ TRỢ
Góp Ý
Sale & Services
Rạp / Giá Vé
Tuyển Dụng
FAQ
CÔNG TY CỔ PHẦN PHIM THIÊN NGÂN
MST: 0101595681
3/9 Võ Văn Tần, Phường Xuân Hòa, Thành phố Hồ Chí Minh, Việt Nam
: 028.39.333.303 - : 19002224 (9:00 - 22:00) - : hotro@galaxystudio.vn
C
h
ờ
x
í
u
n
h
e
.
.
.","Quý Tử Vượt Giàu xoay quanh gia đình ông Phát, bà Diệp và cậu con trai duy nhất Phú Quý. Để nuôi dạy con cái trưởng thành theo đúng ý mình, vợ chồng Phát - Diệp liên tục gây hoang mang khi tạo ra một cuộc sống lẫn lộn giữa giàu và nghèo, thật và giả. Thế nhưng, khi Phú Quý lớn lên với những lựa chọn khác với kỳ vọng của ba mẹ, hàng loạt tình huống dở khóc dở cười liên tiếp xảy ra, kéo theo những bí mật chưa từng được hé lộ. Ẩn sau màu sắc hài hước là câu chuyện về tình thân, khoảng cách thế hệ và hành trình để ba mẹ lẫn con cái học cách lắng nghe, thấu hiểu nhau.; Phim mới Quý Tử Vượt Giàu có suất chiếu sớm từ 27.08 (không áp dụng movie voucher) và khởi chiếu chính thức 28.08.2026 tại các rạp chiếu phim toàn quốc.; PHIM ĐANG CHIẾU; Mua vé; 9.2; Always Lalisa; Mua vé; 8.6; T13; Quyết Cua Anh Này; Mua vé; 9.3; T18; Trại Buôn Người; Xem thêm; GIỚI THIỆU; Về Chúng Tôi; Thoả Thuận Sử Dụng; Quy Chế Hoạt Động; Chính Sách Bảo Mật; GÓC ĐIỆN ẢNH; Thể Loại Phim; Bình Luận Phim; Blog Điện Ảnh; Phim Hay Tháng; Phim IMAX; HỖ TRỢ; Góp Ý; Sale & Services; Rạp / Giá Vé; Tuyển Dụng; FAQ; CÔNG TY CỔ PHẦN PHIM THIÊN NGÂN; MST: 0101595681; 3/9 Võ Văn Tần, Phường Xuân Hòa, Thành phố Hồ Chí Minh, Việt Nam; : 028.39.333.303 - : 19002224 (9:00 - 22:00) - : hotro@galaxystudio.vn; C; h; ờ; x; í; u; n; h; e; .; .; .","Ẩn sau màu sắc hài hước là câu chuyện về tình thân, khoảng cách thế hệ và hành trình để ba mẹ lẫn con cái học cách lắng nghe, thấu hiểu nhau.",,,2026-10-05T11:29:47.016Z
https://www.galaxycine.vn/dat-ve/hope/,hope,Hope Vùng Tử Địa,2026-10-12,2026,2026,dang-chieu,Giả Tưởng; Hành Động; Giật Gân,,Hàn Quốc,Forged Films,Na Hong Jin,Hwang Jung Min; Hoyeon; Jo In Sung; Alicia Vikander; Michael Fassbender,9.2,507,,,"Tại Hope Harbor, một ngôi làng hẻo lánh nằm gần khu vực phi quân sự, cảnh sát trưởng Bum-seok đã nhận được tin báo khẩn cấp từ người dân địa phương về sự xuất hiện của một con hổ. Khi cả ngôi làng chìm trong hoảng loạn, Bum-seok ngỡ ngàng khi phát hiện một sự thật nằm ngoài sức tưởng tượng của con người.
Phim mới Hope/ Hope Vùng Tử Địa suất chiếu sớm 1-2-3.09 (không áp dụng Movie Voucher), dự kiến khởi chiếu 04.09.2026 tại các rạp chiếu phim toàn quốc.
PHIM ĐANG CHIẾU
Mua vé
9.2
Always Lalisa
Mua vé
8.6
T13
Quyết Cua Anh Này
Mua vé
9.3
T18
Trại Buôn Người
Xem thêm
GIỚI THIỆU
Về Chúng Tôi
Thoả Thuận Sử Dụng
Quy Chế Hoạt Động
Chính Sách Bảo Mật
GÓC ĐIỆN ẢNH
Thể Loại Phim
Bình Luận Phim
Blog Điện Ảnh
Phim Hay Tháng
Phim IMAX
HỖ TRỢ
Góp Ý
Sale & Services
Rạp / Giá Vé
Tuyển Dụng
FAQ
CÔNG TY CỔ PHẦN PHIM THIÊN NGÂN
MST: 0101595681
3/9 Võ Văn Tần, Phường Xuân Hòa, Thành phố Hồ Chí Minh, Việt Nam
: 028.39.333.303 - : 19002224 (9:00 - 22:00) - : hotro@galaxystudio.vn","Tại Hope Harbor, một ngôi làng hẻo lánh nằm gần khu vực phi quân sự, cảnh sát trưởng Bum-seok đã nhận được tin báo khẩn cấp từ người dân địa phương về sự xuất hiện của một con hổ. Khi cả ngôi làng chìm trong hoảng loạn, Bum-seok ngỡ ngàng khi phát hiện một sự thật nằm ngoài sức tưởng tượng của con người.; Phim mới Hope/ Hope Vùng Tử Địa suất chiếu sớm 1-2-3.09 (không áp dụng Movie Voucher), dự kiến khởi chiếu 04.09.2026 tại các rạp chiếu phim toàn quốc.; PHIM ĐANG CHIẾU; Mua vé; 9.2; Always Lalisa; Mua vé; 8.6; T13; Quyết Cua Anh Này; Mua vé; 9.3; T18; Trại Buôn Người; Xem thêm; GIỚI THIỆU; Về Chúng Tôi; Thoả Thuận Sử Dụng; Quy Chế Hoạt Động; Chính Sách Bảo Mật; GÓC ĐIỆN ẢNH; Thể Loại Phim; Bình Luận Phim; Blog Điện Ảnh; Phim Hay Tháng; Phim IMAX; HỖ TRỢ; Góp Ý; Sale & Services; Rạp / Giá Vé; Tuyển Dụng; FAQ; CÔNG TY CỔ PHẦN PHIM THIÊN NGÂN; MST: 0101595681; 3/9 Võ Văn Tần, Phường Xuân Hòa, Thành phố Hồ Chí Minh, Việt Nam; : 028.39.333.303 - : 19002224 (9:00 - 22:00) - : hotro@galaxystudio.vn","Tại Hope Harbor, một ngôi làng hẻo lánh nằm gần khu vực phi quân sự, cảnh sát trưởng Bum-seok đã nhận được tin báo khẩn cấp từ người dân địa phương về sự xuất hiện của một con hổ. Khi cả ngôi làng chìm trong hoảng loạn, Bum-seok ngỡ ngàng khi phát hiện một sự thật nằm ngoài sức tưởng tượng của con người.",https://cdn.galaxycine.vn/media/2026/8/14/hope-627_1786679056268.jpg,,2026-10-05T11:29:56.638Z
http://www.galaxycine.vn/dat-ve/hope/,hope,Hope Vùng Tử Địa,2026-10-12,2026,2026,dang-chieu,Giả Tưởng; Hành Động; Giật Gân,,Hàn Quốc,Forged Films,Na Hong Jin,Hwang Jung Min; Hoyeon; Jo In Sung; Alicia Vikander; Michael Fassbender,9.2,507,,,"Tại Hope Harbor, một ngôi làng hẻo lánh nằm gần khu vực phi quân sự, cảnh sát trưởng Bum-seok đã nhận được tin báo khẩn cấp từ người dân địa phương về sự xuất hiện của một con hổ. Khi cả ngôi làng chìm trong hoảng loạn, Bum-seok ngỡ ngàng khi phát hiện một sự thật nằm ngoài sức tưởng tượng của con người.
Phim mới Hope/ Hope Vùng Tử Địa suất chiếu sớm 1-2-3.09 (không áp dụng Movie Voucher), dự kiến khởi chiếu 04.09.2026 tại các rạp chiếu phim toàn quốc.
PHIM ĐANG CHIẾU
Mua vé
9.2
Always Lalisa
Mua vé
8.6
T13
Quyết Cua Anh Này
Mua vé
9.3
T18
Trại Buôn Người
Xem thêm
GIỚI THIỆU
Về Chúng Tôi
Thoả Thuận Sử Dụng
Quy Chế Hoạt Động
Chính Sách Bảo Mật
GÓC ĐIỆN ẢNH
Thể Loại Phim
Bình Luận Phim
Blog Điện Ảnh
Phim Hay Tháng
Phim IMAX
HỖ TRỢ
Góp Ý
Sale & Services
Rạp / Giá Vé
Tuyển Dụng
FAQ
CÔNG TY CỔ PHẦN PHIM THIÊN NGÂN
MST: 0101595681
3/9 Võ Văn Tần, Phường Xuân Hòa, Thành phố Hồ Chí Minh, Việt Nam
: 028.39.333.303 - : 19002224 (9:00 - 22:00) - : hotro@galaxystudio.vn","Tại Hope Harbor, một ngôi làng hẻo lánh nằm gần khu vực phi quân sự, cảnh sát trưởng Bum-seok đã nhận được tin báo khẩn cấp từ người dân địa phương về sự xuất hiện của một con hổ. Khi cả ngôi làng chìm trong hoảng loạn, Bum-seok ngỡ ngàng khi phát hiện một sự thật nằm ngoài sức tưởng tượng của con người.; Phim mới Hope/ Hope Vùng Tử Địa suất chiếu sớm 1-2-3.09 (không áp dụng Movie Voucher), dự kiến khởi chiếu 04.09.2026 tại các rạp chiếu phim toàn quốc.; PHIM ĐANG CHIẾU; Mua vé; 9.2; Always Lalisa; Mua vé; 8.6; T13; Quyết Cua Anh Này; Mua vé; 9.3; T18; Trại Buôn Người; Xem thêm; GIỚI THIỆU; Về Chúng Tôi; Thoả Thuận Sử Dụng; Quy Chế Hoạt Động; Chính Sách Bảo Mật; GÓC ĐIỆN ẢNH; Thể Loại Phim; Bình Luận Phim; Blog Điện Ảnh; Phim Hay Tháng; Phim IMAX; HỖ TRỢ; Góp Ý; Sale & Services; Rạp / Giá Vé; Tuyển Dụng; FAQ; CÔNG TY CỔ PHẦN PHIM THIÊN NGÂN; MST: 0101595681; 3/9 Võ Văn Tần, Phường Xuân Hòa, Thành phố Hồ Chí Minh, Việt Nam; : 028.39.333.303 - : 19002224 (9:00 - 22:00) - : hotro@galaxystudio.vn","Tại Hope Harbor, một ngôi làng hẻo lánh nằm gần khu vực phi quân sự, cảnh sát trưởng Bum-seok đã nhận được tin báo khẩn cấp từ người dân địa phương về sự xuất hiện của một con hổ. Khi cả ngôi làng chìm trong hoảng loạn, Bum-seok ngỡ ngàng khi phát hiện một sự thật nằm ngoài sức tưởng tượng của con người.",https://cdn.galaxycine.vn/media/2026/8/14/hope-627_1786679056268.jpg,,2026-10-05T11:30:05.889Z
https://www.galaxycine.vn/dat-ve/len-huong/,len-huong,Lên Hương,2026-10-12,2026,2026,dang-chieu,Tâm Lý; Gia Đình,,Việt Nam,Mockingbird Pictures,Khương Ngọc; Tấn Hoàng Thông,Hồng Đào; Võ Tấn Phát; NSƯT Tuyết Thu; NSND Hồng Vân; Hạ Anh; Quốc Khánh,9.2,270,,,"Một bà chủ của trại hòm ế ẩm và một thanh niên cần tiền trang trải cuộc sống đã vô tình mắc vào một “giao kèo định mệnh"".
Một người cố giữ nghề, một người cố cứu mạng người mẹ đang bệnh nặng, mở ra bí mật về món nợ đã chôn vùi suốt nhiều năm.
Phim mới Lên Hương có suất chiếu đặc biệt vào 11-13.09 (không áp dụng movie voucher) và khởi chiếu chính thức 18.09.2026 tại các rạp chiếu phim toàn quốc.","Một bà chủ của trại hòm ế ẩm và một thanh niên cần tiền trang trải cuộc sống đã vô tình mắc vào một “giao kèo định mệnh"".; Một người cố giữ nghề, một người cố cứu mạng người mẹ đang bệnh nặng, mở ra bí mật về món nợ đã chôn vùi suốt nhiều năm.; Phim mới Lên Hương có suất chiếu đặc biệt vào 11-13.09 (không áp dụng movie voucher) và khởi chiếu chính thức 18.09.2026 tại các rạp chiếu phim toàn quốc.","Một bà chủ của trại hòm ế ẩm và một thanh niên cần tiền trang trải cuộc sống đã vô tình mắc vào một “giao kèo định mệnh"".",https://cdn.galaxycine.vn/media/2026/9/4/len-huong_1788501143294.jpg,,2026-10-05T11:30:13.796Z
http://www.galaxycine.vn/dat-ve/len-huong/,len-huong,Lên Hương,2026-10-12,2026,2026,dang-chieu,Tâm Lý; Gia Đình,,Việt Nam,Mockingbird Pictures,Khương Ngọc; Tấn Hoàng Thông,Hồng Đào; Võ Tấn Phát; NSƯT Tuyết Thu; NSND Hồng Vân; Hạ Anh; Quốc Khánh,9.2,270,,,"Một bà chủ của trại hòm ế ẩm và một thanh niên cần tiền trang trải cuộc sống đã vô tình mắc vào một “giao kèo định mệnh"".
Một người cố giữ nghề, một người cố cứu mạng người mẹ đang bệnh nặng, mở ra bí mật về món nợ đã chôn vùi suốt nhiều năm.
Phim mới Lên Hương có suất chiếu đặc biệt vào 11-13.09 (không áp dụng movie voucher) và khởi chiếu chính thức 18.09.2026 tại các rạp chiếu phim toàn quốc.","Một bà chủ của trại hòm ế ẩm và một thanh niên cần tiền trang trải cuộc sống đã vô tình mắc vào một “giao kèo định mệnh"".; Một người cố giữ nghề, một người cố cứu mạng người mẹ đang bệnh nặng, mở ra bí mật về món nợ đã chôn vùi suốt nhiều năm.; Phim mới Lên Hương có suất chiếu đặc biệt vào 11-13.09 (không áp dụng movie voucher) và khởi chiếu chính thức 18.09.2026 tại các rạp chiếu phim toàn quốc.","Một bà chủ của trại hòm ế ẩm và một thanh niên cần tiền trang trải cuộc sống đã vô tình mắc vào một “giao kèo định mệnh"".",https://cdn.galaxycine.vn/media/2026/9/4/len-huong_1788501143294.jpg,,2026-10-05T11:30:22.064Z
https://www.galaxycine.vn/dat-ve/ut-lan-2/,ut-lan-2,Út Lan 2,2026-10-12,2026,,dang-chieu,Kinh Dị,,Việt Nam,Apia Pictures,Trần Trọng Dần,Phương Nam; Kiều Oanh; NSƯT Kim Phương; Tạ Lâm; Ngọc Phước,7,227,,,"Từ lúc một con rắn hai đầu xuất hiện, ngôi làng ven sông liên tiếp xảy ra những cái chết bí ẩn. Khi những bí mật bị lãng quên dần trồi lên mặt nước, người dân nhận ra có những lời nguyền chưa bao giờ thực sự biến mất.
Phim mới Út Lan 2 suất chiếu sớm 18-19-20.09 (không áp dụng Movie voucher), dự kiến khởi chiếu 25.09.2026 tại các rạp chiếu phim toàn quốc.","Từ lúc một con rắn hai đầu xuất hiện, ngôi làng ven sông liên tiếp xảy ra những cái chết bí ẩn. Khi những bí mật bị lãng quên dần trồi lên mặt nước, người dân nhận ra có những lời nguyền chưa bao giờ thực sự biến mất.; Phim mới Út Lan 2 suất chiếu sớm 18-19-20.09 (không áp dụng Movie voucher), dự kiến khởi chiếu 25.09.2026 tại các rạp chiếu phim toàn quốc.","Từ lúc một con rắn hai đầu xuất hiện, ngôi làng ven sông liên tiếp xảy ra những cái chết bí ẩn. Khi những bí mật bị lãng quên dần trồi lên mặt nước, người dân nhận ra có những lời nguyền chưa bao giờ thực sự biến mất.",,,2026-10-05T11:30:29.690Z
https://www.galaxycine.vn/dat-ve/minions-the-rise-of-gru/,minions-the-rise-of-gru,Minions: Sự Trỗi Dậy Của Gru,2026-10-12,2026,2020,sap-chieu,Hoạt Hình,,Mỹ,Illumination Entertainment,Kyle Balda,Steve Carell; Julie Andrews,9.3,1342,,,"Minions - Những Quả Chuối Vàng biết đi sẽ trở lại trong câu chuyện chưa kể về tuổi thơ của Gru - cậu bé mười hai tuổi mơ được trở thành ác nhân xuất sắc nhất thế giới.
Phim mới Minions: Sự Trỗi Dậy Của Gru khởi chiếu 01.07.2022 tại các rạp chiếu phim toàn quốc.
Hình Ảnh Trong Phim
PHIM ĐANG CHIẾU
Mua vé
9.2
Always Lalisa
Mua vé
8.6
T13
Quyết Cua Anh Này
Mua vé
9.3
T18
Trại Buôn Người
Xem thêm
GIỚI THIỆU
Về Chúng Tôi
Thoả Thuận Sử Dụng
Quy Chế Hoạt Động
Chính Sách Bảo Mật
GÓC ĐIỆN ẢNH
Thể Loại Phim
Bình Luận Phim
Blog Điện Ảnh
Phim Hay Tháng
Phim IMAX
HỖ TRỢ
Góp Ý
Sale & Services
Rạp / Giá Vé
Tuyển Dụng
FAQ
CÔNG TY CỔ PHẦN PHIM THIÊN NGÂN
MST: 0101595681
3/9 Võ Văn Tần, Phường Xuân Hòa, Thành phố Hồ Chí Minh, Việt Nam
: 028.39.333.303 - : 19002224 (9:00 - 22:00) - : hotro@galaxystudio.vn
C
h
ờ
x
í
u
n
h
e
.
.
.","Minions - Những Quả Chuối Vàng biết đi sẽ trở lại trong câu chuyện chưa kể về tuổi thơ của Gru - cậu bé mười hai tuổi mơ được trở thành ác nhân xuất sắc nhất thế giới.; Phim mới Minions: Sự Trỗi Dậy Của Gru khởi chiếu 01.07.2022 tại các rạp chiếu phim toàn quốc.; Hình Ảnh Trong Phim; PHIM ĐANG CHIẾU; Mua vé; 9.2; Always Lalisa; Mua vé; 8.6; T13; Quyết Cua Anh Này; Mua vé; 9.3; T18; Trại Buôn Người; Xem thêm; GIỚI THIỆU; Về Chúng Tôi; Thoả Thuận Sử Dụng; Quy Chế Hoạt Động; Chính Sách Bảo Mật; GÓC ĐIỆN ẢNH; Thể Loại Phim; Bình Luận Phim; Blog Điện Ảnh; Phim Hay Tháng; Phim IMAX; HỖ TRỢ; Góp Ý; Sale & Services; Rạp / Giá Vé; Tuyển Dụng; FAQ; CÔNG TY CỔ PHẦN PHIM THIÊN NGÂN; MST: 0101595681; 3/9 Võ Văn Tần, Phường Xuân Hòa, Thành phố Hồ Chí Minh, Việt Nam; : 028.39.333.303 - : 19002224 (9:00 - 22:00) - : hotro@galaxystudio.vn; C; h; ờ; x; í; u; n; h; e; .; .; .",Minions - Những Quả Chuối Vàng biết đi sẽ trở lại trong câu chuyện chưa kể về tuổi thơ của Gru - cậu bé mười hai tuổi mơ được trở thành ác nhân xuất sắc nhất thế giới.,https://cdn.galaxycine.vn/media/2020/2/13/wewe_1581587471778.jpg,,2026-10-05T11:30:43.597Z
https://www.galaxycine.vn/dat-ve/the-odyssey/,the-odyssey,The Odyssey,2026-10-12,2026,2026,sap-chieu,Hành Động; Lịch Sử; Phiêu Lưu,,Mỹ,Universal Pictures,Christopher Nolan,Matt Damon; Tom Holland; Charlize Theron; Anne Hathaway; Jon Bernthal; Zendaya; Lupita Nyong'o; Robert Pattinson,9.2,457,,,"Theo chân Odysseus trong hành trình trở về nhà sau cuộc chiến thành Troy, tràn ngập thử thách như cuộc chạm trán của ông với Polyphemus, các nàng tiên cá, Circe và kết thúc bằng cuộc đoàn tụ với vợ mình, Penelope.
Hình Ảnh Trong Phim
PHIM ĐANG CHIẾU
Mua vé
9.2
Always Lalisa
Mua vé
8.6
T13
Quyết Cua Anh Này
Mua vé
9.3
T18
Trại Buôn Người
Xem thêm
GIỚI THIỆU
Về Chúng Tôi
Thoả Thuận Sử Dụng
Quy Chế Hoạt Động
Chính Sách Bảo Mật
GÓC ĐIỆN ẢNH
Thể Loại Phim
Bình Luận Phim
Blog Điện Ảnh
Phim Hay Tháng
Phim IMAX
HỖ TRỢ
Góp Ý
Sale & Services
Rạp / Giá Vé
Tuyển Dụng
FAQ
CÔNG TY CỔ PHẦN PHIM THIÊN NGÂN
MST: 0101595681
3/9 Võ Văn Tần, Phường Xuân Hòa, Thành phố Hồ Chí Minh, Việt Nam
: 028.39.333.303 - : 19002224 (9:00 - 22:00) - : hotro@galaxystudio.vn
C
h
ờ
x
í
u
n
h
e
.
.
.","Theo chân Odysseus trong hành trình trở về nhà sau cuộc chiến thành Troy, tràn ngập thử thách như cuộc chạm trán của ông với Polyphemus, các nàng tiên cá, Circe và kết thúc bằng cuộc đoàn tụ với vợ mình, Penelope.; Hình Ảnh Trong Phim; PHIM ĐANG CHIẾU; Mua vé; 9.2; Always Lalisa; Mua vé; 8.6; T13; Quyết Cua Anh Này; Mua vé; 9.3; T18; Trại Buôn Người; Xem thêm; GIỚI THIỆU; Về Chúng Tôi; Thoả Thuận Sử Dụng; Quy Chế Hoạt Động; Chính Sách Bảo Mật; GÓC ĐIỆN ẢNH; Thể Loại Phim; Bình Luận Phim; Blog Điện Ảnh; Phim Hay Tháng; Phim IMAX; HỖ TRỢ; Góp Ý; Sale & Services; Rạp / Giá Vé; Tuyển Dụng; FAQ; CÔNG TY CỔ PHẦN PHIM THIÊN NGÂN; MST: 0101595681; 3/9 Võ Văn Tần, Phường Xuân Hòa, Thành phố Hồ Chí Minh, Việt Nam; : 028.39.333.303 - : 19002224 (9:00 - 22:00) - : hotro@galaxystudio.vn; C; h; ờ; x; í; u; n; h; e; .; .; .","Theo chân Odysseus trong hành trình trở về nhà sau cuộc chiến thành Troy, tràn ngập thử thách như cuộc chạm trán của ông với Polyphemus, các nàng tiên cá, Circe và kết thúc bằng cuộc đoàn tụ với vợ mình, Penelope.",https://cdn.galaxycine.vn/media/2026/7/15/the-odyssey_1784091605727.jpg,,2026-10-05T11:30:52.099Z
https://www.galaxycine.vn/dat-ve/oppenheimer/,oppenheimer,Oppenheimer,2026-10-12,2026,2024,imax,Tâm Lý; Tiểu Sử; Lịch Sử,,Mỹ,Universal Pictures,Christopher Nolan,Cillian Murphy; Robert Downey Jr.; Emily Blunt; Matt Damon; Florence Pugh; Rami Malek,8.6,325,,,"Với nhân vật trung tâm là J. Robert Oppenheimer, nhà vật lý lý thuyết người đứng đầu phòng thí nghiệm Los Alamos, thời kỳ Thế chiến II. Ông đóng vai trò quan trọng trong Dự án Manhattan, tiên phong trong nhiệm vụ phát triển vũ khí hạt nhân, và được coi là một trong những “cha đẻ của bom nguyên tử”.
Phim mới Oppenheimer khởi chiếu 11.08.2023 tại rạp chiếu phim toàn quốc.
PHIM ĐANG CHIẾU
Mua vé
9.2
Always Lalisa
Mua vé
8.6
T13
Quyết Cua Anh Này
Mua vé
9.3
T18
Trại Buôn Người
Xem thêm
GIỚI THIỆU
Về Chúng Tôi
Thoả Thuận Sử Dụng
Quy Chế Hoạt Động
Chính Sách Bảo Mật
GÓC ĐIỆN ẢNH
Thể Loại Phim
Bình Luận Phim
Blog Điện Ảnh
Phim Hay Tháng
Phim IMAX
HỖ TRỢ
Góp Ý
Sale & Services
Rạp / Giá Vé
Tuyển Dụng
FAQ
CÔNG TY CỔ PHẦN PHIM THIÊN NGÂN
MST: 0101595681
3/9 Võ Văn Tần, Phường Xuân Hòa, Thành phố Hồ Chí Minh, Việt Nam
: 028.39.333.303 - : 19002224 (9:00 - 22:00) - : hotro@galaxystudio.vn
C
h
ờ
x
í
u
n
h
e
.
.
.","Với nhân vật trung tâm là J. Robert Oppenheimer, nhà vật lý lý thuyết người đứng đầu phòng thí nghiệm Los Alamos, thời kỳ Thế chiến II. Ông đóng vai trò quan trọng trong Dự án Manhattan, tiên phong trong nhiệm vụ phát triển vũ khí hạt nhân, và được coi là một trong những “cha đẻ của bom nguyên tử”.; Phim mới Oppenheimer khởi chiếu 11.08.2023 tại rạp chiếu phim toàn quốc.; PHIM ĐANG CHIẾU; Mua vé; 9.2; Always Lalisa; Mua vé; 8.6; T13; Quyết Cua Anh Này; Mua vé; 9.3; T18; Trại Buôn Người; Xem thêm; GIỚI THIỆU; Về Chúng Tôi; Thoả Thuận Sử Dụng; Quy Chế Hoạt Động; Chính Sách Bảo Mật; GÓC ĐIỆN ẢNH; Thể Loại Phim; Bình Luận Phim; Blog Điện Ảnh; Phim Hay Tháng; Phim IMAX; HỖ TRỢ; Góp Ý; Sale & Services; Rạp / Giá Vé; Tuyển Dụng; FAQ; CÔNG TY CỔ PHẦN PHIM THIÊN NGÂN; MST: 0101595681; 3/9 Võ Văn Tần, Phường Xuân Hòa, Thành phố Hồ Chí Minh, Việt Nam; : 028.39.333.303 - : 19002224 (9:00 - 22:00) - : hotro@galaxystudio.vn; C; h; ờ; x; í; u; n; h; e; .; .; .",Câu chuyện kể về nhà khoa học người Mỹ J. Robert Oppenheimer và vai trò của ông trong việc phát triển bom nguyên tử.,https://cdn.galaxycine.vn/media/2024/1/25/oppenheimer_1706180064564.jpg,,2026-10-05T11:31:00.895Z
http://www.galaxycine.vn/dat-ve/oppenheimer/,oppenheimer,Oppenheimer,2026-10-12,2026,2024,imax,Tâm Lý; Tiểu Sử; Lịch Sử,,Mỹ,Universal Pictures,Christopher Nolan,Cillian Murphy; Robert Downey Jr.; Emily Blunt; Matt Damon; Florence Pugh; Rami Malek,8.6,325,,,"Với nhân vật trung tâm là J. Robert Oppenheimer, nhà vật lý lý thuyết người đứng đầu phòng thí nghiệm Los Alamos, thời kỳ Thế chiến II. Ông đóng vai trò quan trọng trong Dự án Manhattan, tiên phong trong nhiệm vụ phát triển vũ khí hạt nhân, và được coi là một trong những “cha đẻ của bom nguyên tử”.
Phim mới Oppenheimer khởi chiếu 11.08.2023 tại rạp chiếu phim toàn quốc.
PHIM ĐANG CHIẾU
Mua vé
9.2
Always Lalisa
Mua vé
8.6
T13
Quyết Cua Anh Này
Mua vé
9.3
T18
Trại Buôn Người
Xem thêm
GIỚI THIỆU
Về Chúng Tôi
Thoả Thuận Sử Dụng
Quy Chế Hoạt Động
Chính Sách Bảo Mật
GÓC ĐIỆN ẢNH
Thể Loại Phim
Bình Luận Phim
Blog Điện Ảnh
Phim Hay Tháng
Phim IMAX
HỖ TRỢ
Góp Ý
Sale & Services
Rạp / Giá Vé
Tuyển Dụng
FAQ
CÔNG TY CỔ PHẦN PHIM THIÊN NGÂN
MST: 0101595681
3/9 Võ Văn Tần, Phường Xuân Hòa, Thành phố Hồ Chí Minh, Việt Nam
: 028.39.333.303 - : 19002224 (9:00 - 22:00) - : hotro@galaxystudio.vn","Với nhân vật trung tâm là J. Robert Oppenheimer, nhà vật lý lý thuyết người đứng đầu phòng thí nghiệm Los Alamos, thời kỳ Thế chiến II. Ông đóng vai trò quan trọng trong Dự án Manhattan, tiên phong trong nhiệm vụ phát triển vũ khí hạt nhân, và được coi là một trong những “cha đẻ của bom nguyên tử”.; Phim mới Oppenheimer khởi chiếu 11.08.2023 tại rạp chiếu phim toàn quốc.; PHIM ĐANG CHIẾU; Mua vé; 9.2; Always Lalisa; Mua vé; 8.6; T13; Quyết Cua Anh Này; Mua vé; 9.3; T18; Trại Buôn Người; Xem thêm; GIỚI THIỆU; Về Chúng Tôi; Thoả Thuận Sử Dụng; Quy Chế Hoạt Động; Chính Sách Bảo Mật; GÓC ĐIỆN ẢNH; Thể Loại Phim; Bình Luận Phim; Blog Điện Ảnh; Phim Hay Tháng; Phim IMAX; HỖ TRỢ; Góp Ý; Sale & Services; Rạp / Giá Vé; Tuyển Dụng; FAQ; CÔNG TY CỔ PHẦN PHIM THIÊN NGÂN; MST: 0101595681; 3/9 Võ Văn Tần, Phường Xuân Hòa, Thành phố Hồ Chí Minh, Việt Nam; : 028.39.333.303 - : 19002224 (9:00 - 22:00) - : hotro@galaxystudio.vn",Câu chuyện kể về nhà khoa học người Mỹ J. Robert Oppenheimer và vai trò của ông trong việc phát triển bom nguyên tử.,https://cdn.galaxycine.vn/media/2024/1/25/oppenheimer_1706180064564.jpg,,2026-10-05T11:31:11.947Z
https://www.galaxycine.vn/dat-ve/bts-world-tour-arirang-in-buenos-aires-live-viewing,bts-world-tour-arirang-in-buenos-aires-live-viewing,BTS World Tour 'Arirang' In Buenos Aires: Live Viewing,2026-10-12,2026,2026,trang-chu,Ca Nhạc,,Hàn Quốc,Hybe Media Studio,Jungjae HA,Đang cập nhật,9,27,,,"LẦN ĐẦU TIÊN, BTS LIVE VIEWING ĐƯỢC PHÁT SÓNG TRỰC TIẾP TỪ NAM MỸ!
CHỦ NHẬT - NGÀY 25.10.2026
SUẤT 13:45 - TIẾP SÓNG SAU
SUẤT 17:30 - PHÁT LẠI
Trải nghiệm BTS WORLD TOUR 'ARIRANG' trên màn ảnh rộng tại các rạp chiếu phim trên toàn thế giới, với điểm cầu được truyền trực tiếp từ Buenos Aires, Argentina!
Đánh dấu lần đầu tiên BTS biểu diễn tại Argentina, đêm diễn đặc biệt này hứa hẹn mang trọn vẹn nguồn năng lượng bùng nổ từ sân vận động chật kín khán giả lên màn ảnh rộng, để ARMY trên toàn cầu cùng hòa mình vào khoảnh khắc lịch sử của BTS.
Lưu ý: Tại một số thị trường, suất phát sóng sẽ được tổ chức vào thời gian muộn hơn để phù hợp với múi giờ địa phương.","LẦN ĐẦU TIÊN, BTS LIVE VIEWING ĐƯỢC PHÁT SÓNG TRỰC TIẾP TỪ NAM MỸ!; CHỦ NHẬT - NGÀY 25.10.2026; SUẤT 13:45 - TIẾP SÓNG SAU; SUẤT 17:30 - PHÁT LẠI; Trải nghiệm BTS WORLD TOUR 'ARIRANG' trên màn ảnh rộng tại các rạp chiếu phim trên toàn thế giới, với điểm cầu được truyền trực tiếp từ Buenos Aires, Argentina!; Đánh dấu lần đầu tiên BTS biểu diễn tại Argentina, đêm diễn đặc biệt này hứa hẹn mang trọn vẹn nguồn năng lượng bùng nổ từ sân vận động chật kín khán giả lên màn ảnh rộng, để ARMY trên toàn cầu cùng hòa mình vào khoảnh khắc lịch sử của BTS.; Lưu ý: Tại một số thị trường, suất phát sóng sẽ được tổ chức vào thời gian muộn hơn để phù hợp với múi giờ địa phương.","Trải nghiệm BTS WORLD TOUR 'ARIRANG' trên màn ảnh rộng tại các rạp chiếu phim trên toàn thế giới, với điểm cầu được truyền trực tiếp từ Buenos Aires, Argentina!",https://cdn.galaxycine.vn/media/2026/10/1/bts-world-tour-arirang-in-buenos-aires-live-viewing-4_1790858132675.jpg,,2026-10-05T11:31:22.927Z
https://www.galaxycine.vn/dat-ve/bts-world-tour-arirang-in-sao-paulo-live-viewing,bts-world-tour-arirang-in-sao-paulo-live-viewing,BTS World Tour 'Arirang' In São Paulo: Live Viewing,2026-10-12,2026,2026,trang-chu,Ca Nhạc,,Hàn Quốc,Hybe Media Studio,Jungjae HA,Đang cập nhật,9.2,16,,,"TRẢI NGHIỆM BTS WORLD TOUR 'ARIRANG' TẠI RẠP CHIẾU PHIM TRÊN TOÀN CẦU, TRUYỀN HÌNH TRỰC TIẾP TỪ SÃO PAULO, BRAZIL!
THỨ BẢY - NGÀY 31.10.2026
SUẤT 13:45 - TIẾP SÓNG SAU
SUẤT 17:30 - PHÁT LẠI
Đánh dấu chặng cuối hoành tráng của tour diễn tại Mỹ Latinh, đại nhạc hội quy mô chưa từng có này sẽ đưa nguồn năng lượng bùng nổ từ sân vận động chật kín khán giả tại Brazil thẳng lên màn ảnh rộng, để ARMY trên toàn thế giới cùng hòa mình vào khoảnh khắc đặc biệt của BTS.
Lưu ý: Tại một số thị trường, suất chiếu sẽ được phát sóng vào thời gian muộn hơn để phù hợp với múi giờ địa phương.","TRẢI NGHIỆM BTS WORLD TOUR 'ARIRANG' TẠI RẠP CHIẾU PHIM TRÊN TOÀN CẦU, TRUYỀN HÌNH TRỰC TIẾP TỪ SÃO PAULO, BRAZIL!; THỨ BẢY - NGÀY 31.10.2026; SUẤT 13:45 - TIẾP SÓNG SAU; SUẤT 17:30 - PHÁT LẠI; Đánh dấu chặng cuối hoành tráng của tour diễn tại Mỹ Latinh, đại nhạc hội quy mô chưa từng có này sẽ đưa nguồn năng lượng bùng nổ từ sân vận động chật kín khán giả tại Brazil thẳng lên màn ảnh rộng, để ARMY trên toàn thế giới cùng hòa mình vào khoảnh khắc đặc biệt của BTS.; Lưu ý: Tại một số thị trường, suất chiếu sẽ được phát sóng vào thời gian muộn hơn để phù hợp với múi giờ địa phương.","TRẢI NGHIỆM BTS WORLD TOUR 'ARIRANG' TẠI RẠP CHIẾU PHIM TRÊN TOÀN CẦU, TRUYỀN HÌNH TRỰC TIẾP TỪ SÃO PAULO, BRAZIL!",https://cdn.galaxycine.vn/media/2026/10/1/bts-world-tour-arirang-in-sao-paulo-live-viewing-1_1790858875836.jpg,,2026-10-05T11:31:33.401Z
https://www.galaxycine.vn/dat-ve/always-lalisa,always-lalisa,Always Lalisa,2026-10-12,2026,2026,trang-chu,Tài Liệu,,Thái Lan,Lloud Co.,Sue Kim,Lisa (Lalisa Manobal),9.2,61,,,"Đằng sau ánh hào quang của một siêu sao toàn cầu là hành trình đi tìm chính mình.
Always Lalisa đưa khán giả bước vào một năm đặc biệt trong cuộc đời LISA – khi cô tạm rời Blackpink để lần đầu tiên thực sự bước đi trên con đường solo, đối diện với những câu hỏi chưa từng có lời giải: Nếu không có Blackpink, LISA là ai? Và cô muốn trở thành ai?
Từ những khoảnh khắc trong phòng thu khi cô tạo nên album solo đầu tay Alter Ego, đến bước ngoặt diễn xuất trong The White Lotus và màn trình diễn solo tại Coachella 2025, bộ phim hé lộ hành trình phía sau những sân khấu rực rỡ – nơi LISA phải đối mặt với áp lực, sự kỳ vọng và ánh nhìn không ngừng của thế giới.
Sinh ra tại Thái Lan, rời quê nhà từ năm 14 tuổi để theo đuổi giấc mơ K-pop tại Hàn Quốc, LISA đã đi một chặng đường dài để trở thành biểu tượng toàn cầu. Nhưng khi tự mình bước ra khỏi vùng an toàn, cô phải học cách viết lại câu chuyện của chính mình – bằng âm nhạc, bằng những lựa chọn táo bạo và bằng chính con người thật của mình.
Chân thành. Riêng tư. Đầy cảm hứng.
Always Lalisa là một hành trình chưa từng được kể trọn vẹn về LISA – người nghệ sĩ, người phụ nữ và con người phía sau cái tên đã được cả thế giới biết đến. Một năm của những thử thách, những lần vượt qua giới hạn và những khoảnh khắc khám phá bản thân, khi LISA không chỉ mở ra chương mới của sự nghiệp, mà còn tìm thấy phiên bản của chính mình mà cô muốn trở thành.
Lần đầu tiên, hãy nhìn LISA theo một cách hoàn toàn khác.","Đằng sau ánh hào quang của một siêu sao toàn cầu là hành trình đi tìm chính mình.; Always Lalisa đưa khán giả bước vào một năm đặc biệt trong cuộc đời LISA – khi cô tạm rời Blackpink để lần đầu tiên thực sự bước đi trên con đường solo, đối diện với những câu hỏi chưa từng có lời giải: Nếu không có Blackpink, LISA là ai? Và cô muốn trở thành ai?; Từ những khoảnh khắc trong phòng thu khi cô tạo nên album solo đầu tay Alter Ego, đến bước ngoặt diễn xuất trong The White Lotus và màn trình diễn solo tại Coachella 2025, bộ phim hé lộ hành trình phía sau những sân khấu rực rỡ – nơi LISA phải đối mặt với áp lực, sự kỳ vọng và ánh nhìn không ngừng của thế giới.; Sinh ra tại Thái Lan, rời quê nhà từ năm 14 tuổi để theo đuổi giấc mơ K-pop tại Hàn Quốc, LISA đã đi một chặng đường dài để trở thành biểu tượng toàn cầu. Nhưng khi tự mình bước ra khỏi vùng an toàn, cô phải học cách viết lại câu chuyện của chính mình – bằng âm nhạc, bằng những lựa chọn táo bạo và bằng chính con người thật của mình.; Chân thành. Riêng tư. Đầy cảm hứng.; Always Lalisa là một hành trình chưa từng được kể trọn vẹn về LISA – người nghệ sĩ, người phụ nữ và con người phía sau cái tên đã được cả thế giới biết đến. Một năm của những thử thách, những lần vượt qua giới hạn và những khoảnh khắc khám phá bản thân, khi LISA không chỉ mở ra chương mới của sự nghiệp, mà còn tìm thấy phiên bản của chính mình mà cô muốn trở thành.; Lần đầu tiên, hãy nhìn LISA theo một cách hoàn toàn khác.",Always Lalisa đưa khán giả bước vào một năm đặc biệt trong cuộc đời LISA – khi cô tạm rời Blackpink để lần đầu tiên thực sự bước đi trên con đường solo,https://cdn.galaxycine.vn/media/2026/9/16/always-lalisa-1_1789551952088.jpg,,2026-10-05T11:31:50.941Z
https://www.galaxycine.vn/dat-ve/henrys-first-date,henrys-first-date,Quyết Cua Anh Này,2026-10-12,2026,2026,trang-chu,Lãng Mạn; Hài,,Thái Lan,GDH,Mez Tharatorn,Nadech Kugimiya; Minnie Nicha,8.6,21,,,"Henry's First Date/ Quyết Cua Anh Này kể về tình yêu của một chàng trai tốt bụng nhưng mắc bệnh mất trí nhớ.
Một bộ phim gia đình lãng mạn & hài hước. Henry là một anh chàng tốt bụng, yêu động vật nhưng mắc một căn bệnh kỳ lạ: cứ mỗi sáng thức dậy, anh lại chẳng nhớ gì về những chuyện đã xảy ra ngày hôm trước. Hãy cùng đón xem câu chuyện Lucy làm quen Henry lại mỗi ngày và cùng hồi hộp chờ xem liệu Henry có thể nhớ ra Lucy hay không nhé
Phim mới Henry's First Date/ Quyết Cua Anh Này suất chiếu sớm 01.10 (không áp dụng Movie voucher), dự kiến khởi chiếu 02.10.2026 tại các rạp chiếu phim toàn quốc.","Henry's First Date/ Quyết Cua Anh Này kể về tình yêu của một chàng trai tốt bụng nhưng mắc bệnh mất trí nhớ.; Một bộ phim gia đình lãng mạn & hài hước. Henry là một anh chàng tốt bụng, yêu động vật nhưng mắc một căn bệnh kỳ lạ: cứ mỗi sáng thức dậy, anh lại chẳng nhớ gì về những chuyện đã xảy ra ngày hôm trước. Hãy cùng đón xem câu chuyện Lucy làm quen Henry lại mỗi ngày và cùng hồi hộp chờ xem liệu Henry có thể nhớ ra Lucy hay không nhé; Phim mới Henry's First Date/ Quyết Cua Anh Này suất chiếu sớm 01.10 (không áp dụng Movie voucher), dự kiến khởi chiếu 02.10.2026 tại các rạp chiếu phim toàn quốc.",Henry's First Date/ Quyết Cua Anh Này kể về tình yêu của một chàng trai tốt bụng nhưng mắc bệnh mất trí nhớ.,https://cdn.galaxycine.vn/media/2026/9/24/henrys-first-date-3_1790238069173.jpg,,2026-10-05T11:32:01.760Z
https://www.galaxycine.vn/dat-ve/trai-buon-nguoi,trai-buon-nguoi,PHIM,2026-10-12,2026,2026,trang-chu,,,,,,,,,,,"Vì cứu em gái sa bẫy buôn người ở biên giới miền Tây, Ny (Steven Nguyễn) cùng bạn thân bị bắt làm nô dịch trong sào huyệt lừa đảo tàn bạo.",,"Vì cứu em gái sa bẫy buôn người ở biên giới miền Tây, Ny (Steven Nguyễn) cùng bạn thân bị bắt làm nô dịch trong sào huyệt lừa đảo tàn bạo.",https://cdn.galaxycine.vn/media/2026/9/18/1200-trai-buon-nguoi_1789697712013.jpg,,2026-10-05T11:32:13.967Z