url,slug,title,release_date,release_year,poster_year_hint,status,genre,duration,country,director,cast,rating,language,description,poster,trailer,scraped_at
https://www.galaxycine.vn/dat-ve/bts-world-tour-arirang-in-buenos-aires-live-viewing,bts-world-tour-arirang-in-buenos-aires-live-viewing,BTS World Tour 'Arirang' In Buenos Aires: Live Viewing,2026-09-24,2026,2026,trang-chu,Ca Nhạc,,Hàn Quốc,Jungjae HA,Đang cập nhật,,,"Trải nghiệm BTS WORLD TOUR 'ARIRANG' trên màn ảnh rộng tại các rạp chiếu phim trên toàn thế giới, với điểm cầu được truyền trực tiếp từ Buenos Aires, Argentina!",https://cdn.galaxycine.vn/media/2026/10/1/bts-world-tour-arirang-in-buenos-aires-live-viewing-4_1790858132675.jpg,,2026-10-05T08:58:21.040Z
https://www.galaxycine.vn/dat-ve/henrys-first-date/,henrys-first-date,Quyết Cua Anh Này,2026-10-12,2026,2026,dang-chieu|sap-chieu|imax|trang-chu,Lãng Mạn,,Thái Lan,Mez Tharatorn,Nadech Kugimiya,,,Henry's First Date/ Quyết Cua Anh Này kể về tình yêu của một chàng trai tốt bụng nhưng mắc bệnh mất trí nhớ.,https://cdn.galaxycine.vn/media/2026/9/24/henrys-first-date-3_1790238069173.jpg,,2026-10-05T08:55:26.841Z
https://www.galaxycine.vn/dat-ve/trai-buon-nguoi/,trai-buon-nguoi,Trại Buôn Người,2026-10-12,2026,2026,dang-chieu|sap-chieu|imax|trang-chu,Hành Động,,Việt Nam,Toni Dương Bảo Anh,Steven Nguyễn,,,"Vì cứu em gái sa bẫy buôn người ở biên giới miền Tây, Ny (Steven Nguyễn) cùng bạn thân bị bắt làm nô dịch trong sào huyệt lừa đảo tàn bạo.",https://cdn.galaxycine.vn/media/2026/9/18/1200-trai-buon-nguoi_1789697712013.jpg,,2026-10-05T08:55:34.771Z
https://www.galaxycine.vn/dat-ve/than-su-chung-quy-linh-gioi-dai-chien/,than-su-chung-quy-linh-gioi-dai-chien,Thần Sư Chung Quỳ: Linh Giới Đại Chiến,2026-10-12,2026,2026,dang-chieu|sap-chieu|imax|trang-chu,Hoạt Hình,,Trung Quốc,Vương Vũ Hy,Ba Hách,,,"Suốt nhiều thế hệ, gia tộc Chung Quỳ luôn giữ gìn hòa bình giữa loài người và yêu quái. Sau khi được vị thợ săn yêu huyền thoại cứu mạng và đưa xuống âm giới, cô gái phàm trần Sơ Cửu gặp gỡ những người bạn kỳ lạ...",https://cdn.galaxycine.vn/media/2026/9/23/than-su-chung-qu_1790154339949.jpg,,2026-10-05T08:55:42.719Z
https://www.galaxycine.vn/dat-ve/scotty/,scotty,Scotty: Giải Cứu Hoàng Thượng,2026-10-12,2026,2026,dang-chieu|sap-chieu|imax|trang-chu,Hoạt Hình,,Đức,Mohammad Pirzadi,Đang cập nhật,,,"Scotty - một chú mèo hoang vốn quen sống trong lãnh địa của mình bất ngờ bị kéo vào cuộc phiêu lưu bất đắc dĩ cùng Katie, một cô mèo nhà. Đến từ hai thế giới khác biệt, Boss hạng sang và Mèo hạng xoàng học cách cùng nhau vượt qua muôn vàn hiểm nguy. Sau hành trình ấy, cả hai dần gắn kết và hiểu được ý nghĩa thật sự của nơi gọi là nhà.",https://cdn.galaxycine.vn/media/2026/9/28/scotty-627_1790568406711.jpg,,2026-10-05T08:55:48.006Z
https://www.galaxycine.vn/dat-ve/always-lalisa/,always-lalisa,Always Lalisa,2026-10-12,2026,2026,dang-chieu|sap-chieu|imax|trang-chu,Tài Liệu,,Thái Lan,Sue Kim,Lisa (Lalisa Manobal),,,Always Lalisa đưa khán giả bước vào một năm đặc biệt trong cuộc đời LISA – khi cô tạm rời Blackpink để lần đầu tiên thực sự bước đi trên con đường solo,https://cdn.galaxycine.vn/media/2026/9/16/always-lalisa-1_1789551952088.jpg,,2026-10-05T08:55:55.983Z
https://www.galaxycine.vn/dat-ve/bts-world-tour-arirang-in-buenos-aires-live-viewing/,bts-world-tour-arirang-in-buenos-aires-live-viewing,BTS World Tour 'Arirang' In Buenos Aires: Live Viewing,2026-10-12,2026,2026,dang-chieu|sap-chieu|imax|trang-chu,Ca Nhạc,,Hàn Quốc,Jungjae HA,Đang cập nhật,,,"Trải nghiệm BTS WORLD TOUR 'ARIRANG' trên màn ảnh rộng tại các rạp chiếu phim trên toàn thế giới, với điểm cầu được truyền trực tiếp từ Buenos Aires, Argentina!",https://cdn.galaxycine.vn/media/2026/10/1/bts-world-tour-arirang-in-buenos-aires-live-viewing-4_1790858132675.jpg,,2026-10-05T08:56:02.067Z
https://www.galaxycine.vn/dat-ve/blue-lock-part-1/,blue-lock-part-1,Blue Lock: Cuộc Chiến Của Những Tiền Đạo,2026-10-12,2026,2026,dang-chieu|sap-chieu|imax|trang-chu,Hành Động,,Nhật Bản,Taki Yusuke,Miura Ryota,,,300 cầu thủ bóng đá trung học tham gia tuyển chọn khắc nghiệt. Chỉ một người duy nhất có thể vươn lên trở thành tiền đạo xuất sắc nhất thế giới.,https://cdn.galaxycine.vn/media/2026/9/30/blue-lock_1790741916952.jpg,,2026-10-05T08:56:21.016Z
https://www.galaxycine.vn/dat-ve/avengers-endgame/,avengers-endgame,Avengers: Hồi Kết,2026-10-12,2026,2019,dang-chieu|sap-chieu|imax|trang-chu,Hành Động,,Mỹ,Anthony Russo,Robert Downey Jr.,,,"Cú búng tay của Thanos đã khiến toàn bộ dân số biến mất một nửa. Các siêu anh hùng đánh mất bạn bè, người thân và cả chính mình. Giờ đây họ phải làm gì?",https://cdn.galaxycine.vn/media/2019/4/1/avengerendgame_1554109943948.jpg,,2026-10-05T08:56:33.526Z
https://www.galaxycine.vn/dat-ve/resident-evil/,resident-evil,Vùng Đất Quỷ Dữ,2026-10-12,2026,2026,dang-chieu|sap-chieu|imax|trang-chu,Hành Động,,Mỹ,Zach Cregger,Austin Abrams,,,Một phiên bản Resident Evil mới trở lại đầy kịch tính và kinh hoàng từ bộ óc quái kiệt của đạo diễn Zach Cregger đứng sau “Weapons” & “Barbarian”.,https://cdn.galaxycine.vn/media/2026/9/3/resident-evil-627_1788407589602.jpg,,2026-10-05T08:56:39.847Z
https://www.galaxycine.vn/dat-ve/digger/,digger,Digger,2026-10-12,2026,,dang-chieu|sap-chieu|imax|trang-chu,Hài,,Mỹ,Alejandro González Iñárritu,Tom Cruise,,,Đặt vé phim Digger (2026) hay tại Galaxy Cinema,,,2026-10-05T08:56:47.332Z
https://www.galaxycine.vn/dat-ve/quy-tu-vuot-giau/,quy-tu-vuot-giau,Quý Tử Vượt Giàu,2026-10-12,2026,,dang-chieu,Hài,,Việt Nam,Nguyễn Quang Dũng,Thu Trang,,,"Ẩn sau màu sắc hài hước là câu chuyện về tình thân, khoảng cách thế hệ và hành trình để ba mẹ lẫn con cái học cách lắng nghe, thấu hiểu nhau.",,,2026-10-05T08:56:53.988Z
https://www.galaxycine.vn/dat-ve/hope/,hope,Hope Vùng Tử Địa,2026-10-12,2026,2026,dang-chieu,Giả Tưởng,,Hàn Quốc,Na Hong Jin,Hwang Jung Min,,,"Tại Hope Harbor, một ngôi làng hẻo lánh nằm gần khu vực phi quân sự, cảnh sát trưởng Bum-seok đã nhận được tin báo khẩn cấp từ người dân địa phương về sự xuất hiện của một con hổ. Khi cả ngôi làng chìm trong hoảng loạn, Bum-seok ngỡ ngàng khi phát hiện một sự thật nằm ngoài sức tưởng tượng của con người.",https://cdn.galaxycine.vn/media/2026/8/14/hope-627_1786679056268.jpg,,2026-10-05T08:57:01.468Z
http://www.galaxycine.vn/dat-ve/hope/,hope,Hope Vùng Tử Địa,2026-10-12,2026,2026,dang-chieu,Giả Tưởng,,Hàn Quốc,Na Hong Jin,Hwang Jung Min,,,"Tại Hope Harbor, một ngôi làng hẻo lánh nằm gần khu vực phi quân sự, cảnh sát trưởng Bum-seok đã nhận được tin báo khẩn cấp từ người dân địa phương về sự xuất hiện của một con hổ. Khi cả ngôi làng chìm trong hoảng loạn, Bum-seok ngỡ ngàng khi phát hiện một sự thật nằm ngoài sức tưởng tượng của con người.",https://cdn.galaxycine.vn/media/2026/8/14/hope-627_1786679056268.jpg,,2026-10-05T08:57:12.369Z
https://www.galaxycine.vn/dat-ve/len-huong/,len-huong,Lên Hương,2026-10-12,2026,2026,dang-chieu,Tâm Lý,,Việt Nam,Khương Ngọc,Hồng Đào,,,"Một bà chủ của trại hòm ế ẩm và một thanh niên cần tiền trang trải cuộc sống đã vô tình mắc vào một “giao kèo định mệnh"".",https://cdn.galaxycine.vn/media/2026/9/4/len-huong_1788501143294.jpg,,2026-10-05T08:57:19.865Z
http://www.galaxycine.vn/dat-ve/len-huong/,len-huong,Lên Hương,2026-10-12,2026,2026,dang-chieu,Tâm Lý,,Việt Nam,Khương Ngọc,Hồng Đào,,,"Một bà chủ của trại hòm ế ẩm và một thanh niên cần tiền trang trải cuộc sống đã vô tình mắc vào một “giao kèo định mệnh"".",https://cdn.galaxycine.vn/media/2026/9/4/len-huong_1788501143294.jpg,,2026-10-05T08:57:29.681Z
https://www.galaxycine.vn/dat-ve/ut-lan-2/,ut-lan-2,Út Lan 2,2026-10-12,2026,,dang-chieu,Kinh Dị,,Việt Nam,Trần Trọng Dần,Phương Nam,,,"Từ lúc một con rắn hai đầu xuất hiện, ngôi làng ven sông liên tiếp xảy ra những cái chết bí ẩn. Khi những bí mật bị lãng quên dần trồi lên mặt nước, người dân nhận ra có những lời nguyền chưa bao giờ thực sự biến mất.",,,2026-10-05T08:57:37.527Z
https://www.galaxycine.vn/dat-ve/supergirl/,supergirl,Supergirl,2026-10-12,2026,2026,sap-chieu,Hành Động,,Mỹ,Craig Gillespie,Milly Alcock,,,"Khi một kẻ thù bất ngờ và tàn nhẫn giáng đòn ngay tại nơi cô gọi là nhà, Kara Zor-El – hay còn được biết đến với cái tên Supergirl – buộc phải bắt tay với một đồng minh không ai ngờ tới...",https://cdn.galaxycine.vn/media/2026/6/19/supergirl_1781878895630.jpg,,2026-10-05T08:57:45.047Z
https://www.galaxycine.vn/dat-ve/minions-the-rise-of-gru/,minions-the-rise-of-gru,Minions: Sự Trỗi Dậy Của Gru,2026-10-12,2026,2020,sap-chieu,Hoạt Hình,,Mỹ,Kyle Balda,Steve Carell,,,Minions - Những Quả Chuối Vàng biết đi sẽ trở lại trong câu chuyện chưa kể về tuổi thơ của Gru - cậu bé mười hai tuổi mơ được trở thành ác nhân xuất sắc nhất thế giới.,https://cdn.galaxycine.vn/media/2020/2/13/wewe_1581587471778.jpg,,2026-10-05T08:57:51.671Z
https://www.galaxycine.vn/dat-ve/the-odyssey/,the-odyssey,The Odyssey,2026-10-12,2026,2026,sap-chieu,Hành Động,,Mỹ,Christopher Nolan,Matt Damon,,,"Theo chân Odysseus trong hành trình trở về nhà sau cuộc chiến thành Troy, tràn ngập thử thách như cuộc chạm trán của ông với Polyphemus, các nàng tiên cá, Circe và kết thúc bằng cuộc đoàn tụ với vợ mình, Penelope.",https://cdn.galaxycine.vn/media/2026/7/15/the-odyssey_1784091605727.jpg,,2026-10-05T08:57:58.429Z
https://www.galaxycine.vn/dat-ve/oppenheimer/,oppenheimer,Oppenheimer,2026-10-12,2026,2024,imax,Tâm Lý,,Mỹ,Christopher Nolan,Cillian Murphy,,,Câu chuyện kể về nhà khoa học người Mỹ J. Robert Oppenheimer và vai trò của ông trong việc phát triển bom nguyên tử.,https://cdn.galaxycine.vn/media/2024/1/25/oppenheimer_1706180064564.jpg,,2026-10-05T08:58:05.748Z
http://www.galaxycine.vn/dat-ve/oppenheimer/,oppenheimer,Oppenheimer,2026-10-12,2026,2024,imax,Tâm Lý,,Mỹ,Christopher Nolan,Cillian Murphy,,,Câu chuyện kể về nhà khoa học người Mỹ J. Robert Oppenheimer và vai trò của ông trong việc phát triển bom nguyên tử.,https://cdn.galaxycine.vn/media/2024/1/25/oppenheimer_1706180064564.jpg,,2026-10-05T08:58:14.894Z
https://www.galaxycine.vn/dat-ve/bts-world-tour-arirang-in-sao-paulo-live-viewing,bts-world-tour-arirang-in-sao-paulo-live-viewing,BTS World Tour 'Arirang' In São Paulo: Live Viewing,2026-10-12,2026,2026,trang-chu,Ca Nhạc,,Hàn Quốc,Jungjae HA,Đang cập nhật,,,"TRẢI NGHIỆM BTS WORLD TOUR 'ARIRANG' TẠI RẠP CHIẾU PHIM TRÊN TOÀN CẦU, TRUYỀN HÌNH TRỰC TIẾP TỪ SÃO PAULO, BRAZIL!",https://cdn.galaxycine.vn/media/2026/10/1/bts-world-tour-arirang-in-sao-paulo-live-viewing-1_1790858875836.jpg,,2026-10-05T08:58:26.124Z
https://www.galaxycine.vn/dat-ve/always-lalisa,always-lalisa,Always Lalisa,2026-10-12,2026,2026,trang-chu,Tài Liệu,,Thái Lan,Sue Kim,Lisa (Lalisa Manobal),,,Always Lalisa đưa khán giả bước vào một năm đặc biệt trong cuộc đời LISA – khi cô tạm rời Blackpink để lần đầu tiên thực sự bước đi trên con đường solo,https://cdn.galaxycine.vn/media/2026/9/16/always-lalisa-1_1789551952088.jpg,,2026-10-05T08:58:34.609Z
https://www.galaxycine.vn/dat-ve/henrys-first-date,henrys-first-date,Quyết Cua Anh Này,2026-10-12,2026,2026,trang-chu,Lãng Mạn,,Thái Lan,Mez Tharatorn,Nadech Kugimiya,,,Henry's First Date/ Quyết Cua Anh Này kể về tình yêu của một chàng trai tốt bụng nhưng mắc bệnh mất trí nhớ.,https://cdn.galaxycine.vn/media/2026/9/24/henrys-first-date-3_1790238069173.jpg,,2026-10-05T08:58:39.459Z
https://www.galaxycine.vn/dat-ve/trai-buon-nguoi,trai-buon-nguoi,Trại Buôn Người,2026-10-12,2026,2026,trang-chu,Hành Động,,Việt Nam,Toni Dương Bảo Anh,Steven Nguyễn,,,"Vì cứu em gái sa bẫy buôn người ở biên giới miền Tây, Ny (Steven Nguyễn) cùng bạn thân bị bắt làm nô dịch trong sào huyệt lừa đảo tàn bạo.",https://cdn.galaxycine.vn/media/2026/9/18/1200-trai-buon-nguoi_1789697712013.jpg,,2026-10-05T08:58:44.785Z
https://www.galaxycine.vn/dat-ve/bts-world-tour-arirang-in-sao-paulo-live-viewing/,bts-world-tour-arirang-in-sao-paulo-live-viewing,BTS World Tour 'Arirang' In São Paulo: Live Viewing,2026-10-31,2026,2026,dang-chieu|sap-chieu|imax|trang-chu,Ca Nhạc,,Hàn Quốc,Jungjae HA,Đang cập nhật,,,"TRẢI NGHIỆM BTS WORLD TOUR 'ARIRANG' TẠI RẠP CHIẾU PHIM TRÊN TOÀN CẦU, TRUYỀN HÌNH TRỰC TIẾP TỪ SÃO PAULO, BRAZIL!",https://cdn.galaxycine.vn/media/2026/10/1/bts-world-tour-arirang-in-sao-paulo-live-viewing-1_1790858875836.jpg,,2026-10-05T08:56:09.832Z